identifier,objectType,Lemma
hi:W:000385103,Word,26वीं
hi:W:000385110,Word,सताईसवीं
hi:W:000385111,Word,सत्ताईसवीं
hi:W:000385114,Word,२७वीं
hi:W:000385116,Word,27वीं
hi:W:000385120,Word,अठाईसवीं
hi:W:000385121,Word,अट्ठाईसवीं
hi:W:000385124,Word,२८वीं
hi:W:000385126,Word,28वीं
hi:W:000385130,Word,उनतीसवीं
hi:W:000385132,Word,२९वीं
hi:W:000385134,Word,29वीं
hi:W:000385140,Word,तीसवीं
hi:W:000385142,Word,३०वीं
hi:W:000385144,Word,30वीं
hi:W:000385150,Word,इकतीसवीं
hi:W:000385151,Word,इकत्तीसवीं
hi:W:000385152,Word,एकतीसवीं
hi:W:000385154,Word,इकत्तीसवाँ
hi:W:000385156,Word,३१वीं
hi:W:000385157,Word,३१वाँ
hi:W:000385158,Word,31वीं
hi:W:000385159,Word,31वाँ
hi:W:000385160,Word,सीमापार
hi:W:000385170,Word,भँवर_धारा
hi:W:000385171,Word,भँवर-धारा
hi:W:000385172,Word,भँवरधारा
hi:W:000385173,Word,एडी_करन्ट
hi:W:000385174,Word,एडी_करेन्ट
hi:W:000385180,Word,चल_स्वर
hi:W:000385181,Word,विकृत_स्वर
hi:W:000385190,Word,खर्ज_सप्तक
hi:W:000385200,Word,मंद्र_सप्तक
hi:W:000385201,Word,मन्द्र_सप्तक
hi:W:000385210,Word,मध्य_सप्तक
hi:W:000385220,Word,अचल_स्वर
hi:W:000385231,Word,फल_विक्रेता
hi:W:000385240,Word,चिकीर्षा
hi:W:000385250,Word,चिकीर्षक
hi:W:000385260,Word,चिकीर्षित
hi:W:000385261,Word,चिकीर्ष्य
hi:W:000385280,Word,विद्युत_धारा
hi:W:000385281,Word,विद्युत_प्रवाह
hi:W:000385282,Word,विद्युत-धारा
hi:W:000385283,Word,विद्युत-प्रवाह
hi:W:000385290,Word,सूचिशिखा
hi:W:000385310,Word,श्वानवैखरी
hi:W:000385331,Word,अङ्गिरा
hi:W:000385350,Word,कतीरा
hi:W:000385361,Word,गुल्लू
hi:W:000385370,Word,हुतात्मा
hi:W:000385380,Word,श्रद्धाजंलि
hi:W:000385390,Word,हास्य_कथा
hi:W:000385391,Word,हास्यकथा
hi:W:000385392,Word,विनोदी_कथा
hi:W:000385400,Word,क़दरदानी
hi:W:000385401,Word,क़द्रदानी
hi:W:000385402,Word,कदरदानी
hi:W:000385403,Word,कद्रदानी
hi:W:000385404,Word,गुणग्राहकता
hi:W:000385405,Word,गुणग्राह्यता
hi:W:000385421,Word,पाचनशक्ति
hi:W:000385422,Word,पाचन-शक्ति
hi:W:000385450,Word,पल्लवग्राही
hi:W:000385462,Word,पल्लवग्राहिता
hi:W:000385510,Word,सक्रिय_करना
hi:W:000385511,Word,क्रियाशील_करना
hi:W:000385520,Word,असंदिग्धता
hi:W:000385521,Word,निःसंदिग्धता
hi:W:000385522,Word,संदेहरहितता
hi:W:000385530,Word,क्रमसूचक
hi:W:000385531,Word,क्रम-सूचक
hi:W:000385532,Word,क्रम_सूचक
hi:W:000385550,Word,क्रमसूचक_संख्या
hi:W:000385560,Word,संज्ञेय_अपराध
hi:W:000385570,Word,असंज्ञेय_अपराध
hi:W:000385580,Word,भाग्यवश
hi:W:000385581,Word,सौभाग्य_से
hi:W:000385582,Word,भाग्य_से
hi:W:000385583,Word,किस्मत_से
hi:W:000385584,Word,दैवयोग_से
hi:W:000385585,Word,सौभाग्यतः
hi:W:000385590,Word,दुर्भाग्यवश
hi:W:000385591,Word,दुर्भाग्य_से
hi:W:000385592,Word,बदकिस्मती_से
hi:W:000385593,Word,असौभाग्यतः
hi:W:000385600,Word,सुव्यवस्था
hi:W:000385601,Word,सुप्रबन्ध
hi:W:000385610,Word,लिंक
hi:W:000385612,Word,संपर्कसूत्र
hi:W:000385630,Word,कम्प्यूटर_कोड
hi:W:000385640,Word,दहकता
hi:W:000385641,Word,दहकता_हुआ
hi:W:000385642,Word,धधकता
hi:W:000385643,Word,धधकता_हुआ
hi:W:000385740,Word,आयु_वर्ग
hi:W:000385741,Word,आयुवर्ग
hi:W:000385742,Word,आयु-वर्ग
hi:W:000385750,Word,सार्वनामिक
hi:W:000385760,Word,पन्ना_उलटना
hi:W:000385761,Word,पन्ना_पलटना
hi:W:000385762,Word,सरसरी_नजर_डालना
hi:W:000385763,Word,सरसरी_नज़र_डालना
hi:W:000385770,Word,ताड़_की_तरह_ऊँचा
hi:W:000385771,Word,ताड़_के_समान_ऊँचा
hi:W:000385772,Word,ताड़_के_समान_लंबा
hi:W:000385773,Word,ताड़_की_तरह_लंबा
hi:W:000385774,Word,ताड़_के_समान_लम्बा
hi:W:000385775,Word,ताड़_की_तरह_लम्बा
hi:W:000385800,Word,बाल_पकना
hi:W:000385840,Word,बहुदेशीय
hi:W:000385841,Word,बहुराष्ट्रीय
hi:W:000385860,Word,संतरा
hi:W:000385871,Word,बड़ी_नारंगी
hi:W:000385880,Word,ग्राम_कैलोरी
hi:W:000385881,Word,ग्राम_कैलरी
hi:W:000385892,Word,पोषण_कैलोरी
hi:W:000385893,Word,पोषण_कैलरी
hi:W:000385900,Word,जूल
hi:W:000385901,Word,वाट_सेकंड
hi:W:000385924,Word,तितर-बितर_करना
hi:W:000385925,Word,तीन_तेरह_करना
hi:W:000385940,Word,आँख_खुलना
hi:W:000385960,Word,आर-पार_की_लड़ाई
hi:W:000385961,Word,निर्णायक_लड़ाई
hi:W:000385970,Word,बाबिन_वाइन्डर
hi:W:000385980,Word,घरघुसी
hi:W:000385990,Word,कुड़व
hi:W:000386000,Word,मटरगश्ती
hi:W:000386001,Word,मटरगश्त
hi:W:000386010,Word,मंत्री_पद
hi:W:000386011,Word,मंत्रीपद
hi:W:000386012,Word,मन्त्री_पद
hi:W:000386013,Word,मन्त्रीपद
hi:W:000386030,Word,उपनिवेशित
hi:W:000386050,Word,ग्रांथिक
hi:W:000386060,Word,स्थापना_करना
hi:W:000386061,Word,नींव_डालना
hi:W:000386062,Word,नींव_रखना
hi:W:000386063,Word,बुनियाद_डालना
hi:W:000386064,Word,बुनियाद_रखना
hi:W:000386081,Word,शुष्क_हृदय
hi:W:000386082,Word,शुष्क-हृदय
hi:W:000386090,Word,अतिवृष्टि
hi:W:000386100,Word,पगड़ी_बदलना
hi:W:000386101,Word,दोस्ती_करना
hi:W:000386102,Word,मित्रता_करना
hi:W:000386110,Word,एकपाठी
hi:W:000386120,Word,इरकली
hi:W:000386130,Word,अभ्यसनीय
hi:W:000386140,Word,जीवन_रक्षक_प्रणाली
hi:W:000386141,Word,जीवन_रक्षण_प्रणाली
hi:W:000386160,Word,आँकड़े
hi:W:000386161,Word,आंकड़े
hi:W:000386162,Word,संख्यात्मक_डेटा
hi:W:000386181,Word,गूढ़ता
hi:W:000386190,Word,स्वजातीय
hi:W:000386191,Word,स्वजाति
hi:W:000386220,Word,समवर्गीय
hi:W:000386221,Word,सवर्गीय
hi:W:000386231,Word,सिरचढ़ा
hi:W:000386240,Word,टॉप_करना
hi:W:000386241,Word,टाप_करना
hi:W:000386340,Word,गुरु_गुड़_चेला_शक्कर
hi:W:000386350,Word,आम_के_आम_और_गुठली_के_दाम
hi:W:000386351,Word,आम_के_आम_गुठली_के_दाम
hi:W:000386352,Word,दोहरा_लाभ
hi:W:000386360,Word,आवाज_बुलन्द_करना
hi:W:000386361,Word,आवाज_बुलंद_करना
hi:W:000386362,Word,आवाज़_बुलन्द_करना
hi:W:000386363,Word,आवाज़_बुलंद_करना
hi:W:000386370,Word,आम_खाने_से_काम_या_पेड़_गिनने_से
hi:W:000386380,Word,गला_बैठना
hi:W:000386381,Word,आवाज_बैठना
hi:W:000386382,Word,आवाज़_बैठना
hi:W:000386390,Word,भर्राना
hi:W:000386430,Word,घुटकना
hi:W:000386431,Word,गुटकना
hi:W:000386440,Word,घोटनी
hi:W:000386460,Word,धुआँयँध
hi:W:000386461,Word,धुआँसा
hi:W:000386490,Word,धूम_मचना
hi:W:000386510,Word,धूम_मचाना
hi:W:000386520,Word,आकाश-पाताल_का_अंतर_होना
hi:W:000386521,Word,जमीन-आसमान_का_अंतर_होना
hi:W:000386522,Word,ज़मीन-आसमान_का_अंतर_होना
hi:W:000386523,Word,आकाश-पाताल_का_अन्तर_होना
hi:W:000386524,Word,जमीन-आसमान_का_अन्तर_होना
hi:W:000386525,Word,ज़मीन-आसमान_का_अन्तर_होना
hi:W:000386530,Word,कहाँ_राजा_भोज_और_कहाँ_गंगू_तेली
hi:W:000386531,Word,कहाँ_सोना_और_कहाँ_पीतल
hi:W:000386532,Word,कहाँ_मोहब्बत_और_कहाँ_गणित_और_विज्ञान
hi:W:000386533,Word,उत्तर-दक्षिण
hi:W:000386540,Word,तीन_पाँच_करना
hi:W:000386550,Word,आँख_का_अंधा_नाम_नयनसुख
hi:W:000386560,Word,चार_दिन_की_चाँदनी
hi:W:000386561,Word,चार_दिन_की_चांदनी
hi:W:000386570,Word,चार_पैसे
hi:W:000386580,Word,जिंदा_हाथी_लाख_का_मरा_तो_सवा_लाख_का
hi:W:000386590,Word,समाँ_बँधना
hi:W:000386591,Word,समां_बंधना
hi:W:000386592,Word,समा_बँधना
hi:W:000386593,Word,समा_बंधना
hi:W:000386600,Word,समाँ_बाँधना
hi:W:000386601,Word,समां_बांधना
hi:W:000386602,Word,समा_बाँधना
hi:W:000386603,Word,समा_बांधना
hi:W:000386610,Word,चार_चाँद_लगना
hi:W:000386611,Word,चार_चांद_लगना
hi:W:000386620,Word,चार_चाँद_लगाना
hi:W:000386621,Word,चार_चांद_लगाना
hi:W:000386630,Word,अप्रदूषित
hi:W:000386631,Word,प्रदूषणरहित
hi:W:000386640,Word,हाथों_हाथ_लेना
hi:W:000386671,Word,फुसलाव
hi:W:000386672,Word,बरगलाव
hi:W:000386673,Word,बर्गलाव
hi:W:000386700,Word,झंकारना
hi:W:000386701,Word,झनकारना
hi:W:000386720,Word,मकवाना
hi:W:000386781,Word,ग्रे
hi:W:000386790,Word,पूरक_आजीविका
hi:W:000386791,Word,पूरक_व्यवसाय
hi:W:000386820,Word,चीरहरण
hi:W:000386821,Word,चीर-हरण
hi:W:000386822,Word,चीर_हरण
hi:W:000386850,Word,उदास_करना
hi:W:000386851,Word,म्लान_करना
hi:W:000386910,Word,डुबकी_लगाना
hi:W:000386911,Word,डुबकी_मारना
hi:W:000386912,Word,गोता_मारना
hi:W:000386913,Word,गोता_लगाना
hi:W:000386914,Word,ग़ोता_मारना
hi:W:000386915,Word,ग़ोता_लगाना
hi:W:000386960,Word,लकवा_मारना
hi:W:000386961,Word,पक्षाघात_होना
hi:W:000386962,Word,फालिज_पड़ना
hi:W:000386963,Word,फ़ालिज_पड़ना
hi:W:000386970,Word,पाला_मारना
hi:W:000386971,Word,पाला_लगना
hi:W:000386980,Word,जल_संकट
hi:W:000386981,Word,जल-संकट
hi:W:000386982,Word,पानी_की_कमी
hi:W:000386983,Word,पानी_की_तंगी
hi:W:000386984,Word,पानी_की_किल्लत
hi:W:000386985,Word,जल_की_दुर्लभता
hi:W:000386990,Word,स्वतंत्रता_संग्राम
hi:W:000386991,Word,स्वतन्त्रता_संग्राम
hi:W:000386992,Word,स्वाधीनता_संग्राम
hi:W:000386993,Word,आज़ादी_की_लड़ाई
hi:W:000386994,Word,आजादी_की_लड़ाई
hi:W:000386995,Word,स्वाधीनता_की_लड़ाई
hi:W:000386996,Word,स्वतंत्रता_की_लड़ाई
hi:W:000386997,Word,स्वतन्त्रता_की_लड़ाई
hi:W:000387000,Word,मेल_कराना
hi:W:000387001,Word,मेल_करवाना
hi:W:000387083,Word,खुसुर-पुसुर
hi:W:000387090,Word,नासिका_छिद्र
hi:W:000387091,Word,नासिका-छिद्र
hi:W:000387093,Word,नासा-छिद्र
hi:W:000387094,Word,नासा_छिद्र
hi:W:000387095,Word,नासारंध्र
hi:W:000387096,Word,नासारन्ध्र
hi:W:000387101,Word,नकेल_डलना
hi:W:000387110,Word,नत्थी_होना
hi:W:000387120,Word,छिदना
hi:W:000387121,Word,भिदना
hi:W:000387122,Word,बिधना
hi:W:000387130,Word,ज़रायमपेशा
hi:W:000387131,Word,ज़रायम-पेशा
hi:W:000387132,Word,जरायमपेशा
hi:W:000387133,Word,जरायम-पेशा
hi:W:000387140,Word,मानसिकता
hi:W:000387191,Word,अधिवीक्षक
hi:W:000387192,Word,सूपरवाइज़र
hi:W:000387200,Word,हस्तचालित
hi:W:000387201,Word,हस्त-चालित
hi:W:000387202,Word,हस्त_चालित
hi:W:000387203,Word,दस्ती
hi:W:000387210,Word,स्वचालित
hi:W:000387211,Word,स्व-चालित
hi:W:000387220,Word,लघु_उद्योग
hi:W:000387230,Word,लघु_उद्योगी
hi:W:000387240,Word,व्याघ्र_की_गर्जना
hi:W:000387241,Word,व्याघ्र_गर्जना
hi:W:000387250,Word,भाजपा_युवा_मोर्चा
hi:W:000387251,Word,भारतीय_जनता_युवा_मोर्चा
hi:W:000387252,Word,भायुमो
hi:W:000387260,Word,आरामशीन
hi:W:000387261,Word,आरा_मशीन
hi:W:000387310,Word,पहलूदार
hi:W:000387311,Word,पहलदार
hi:W:000387320,Word,संतरी_परिवर्तन
hi:W:000387330,Word,ईंट-पत्‍थर
hi:W:000387331,Word,ईंट_पत्‍थर
hi:W:000387340,Word,उमड़-घुमड़
hi:W:000387341,Word,उमड़_घुमड़
hi:W:000387351,Word,घुमड़
hi:W:000387361,Word,आवृत्त_होना
hi:W:000387380,Word,कृषि_पर्यटन
hi:W:000387390,Word,चेक_इन_करना
hi:W:000387400,Word,चेक_इन
hi:W:000387410,Word,छुरा-काँटा
hi:W:000387411,Word,छुरा_काँटा
hi:W:000387412,Word,काँटा-छुरा
hi:W:000387413,Word,काँटा_छुरा
hi:W:000387420,Word,जंगली_भैंस
hi:W:000387421,Word,बनभैंस
hi:W:000387422,Word,बनैला_भैंस
hi:W:000387440,Word,जीव_जगत
hi:W:000387441,Word,प्राणी_जगत
hi:W:000387442,Word,जीव_जगत्
hi:W:000387443,Word,प्राणी_जगत्
hi:W:000387444,Word,जन्तु_जगत
hi:W:000387445,Word,जंतु_जगत
hi:W:000387446,Word,जंतु_जगत्
hi:W:000387447,Word,जन्तु_जगत्
hi:W:000387460,Word,पादप_जगत
hi:W:000387461,Word,वनस्पति_जगत
hi:W:000387462,Word,पादप_जगत्
hi:W:000387463,Word,वनस्पति_जगत्
hi:W:000387471,Word,मिलान_शहर
hi:W:000387480,Word,आदरांजलि
hi:W:000387490,Word,नवोदित
hi:W:000387491,Word,उभरता
hi:W:000387500,Word,चुनाव_प्रक्रिया
hi:W:000387501,Word,चुनावी_प्रक्रिया
hi:W:000387510,Word,बिजली_आपूर्ति
hi:W:000387520,Word,डीटीपी
hi:W:000387521,Word,डेस्कटॉप_पब्लिकेशन
hi:W:000387522,Word,डेस्कटॉप_प्रकाशन
hi:W:000387523,Word,डेस्कटाप_पब्लिकेशन
hi:W:000387524,Word,डेस्कटाप_प्रकाशन
hi:W:000387530,Word,टूर_पैकेज
hi:W:000387531,Word,पर्यटन_पैकेज
hi:W:000387532,Word,यात्रा_पैकेज
hi:W:000387533,Word,टूर_पैकिज
hi:W:000387534,Word,पर्यटन_पैकिज
hi:W:000387535,Word,यात्रा_पैकिज
hi:W:000387540,Word,पेइंग_गेस्ट
hi:W:000387541,Word,सशुल्क_अतिथि
hi:W:000387550,Word,ट्रैवल_एजेंट
hi:W:000387551,Word,ट्रैवल_एजेन्ट
hi:W:000387552,Word,यात्रा_अभिकर्ता
hi:W:000387553,Word,यात्रा_एजेंट
hi:W:000387554,Word,यात्रा_एजेन्ट
hi:W:000387561,Word,संघर्ष_होना
hi:W:000387580,Word,महाशतावरी
hi:W:000387581,Word,महासतावरी
hi:W:000387582,Word,फणिजिह्वा
hi:W:000387583,Word,फणिजिह्विका
hi:W:000387584,Word,उर्घ्वकंटिका
hi:W:000387585,Word,करूरा
hi:W:000387590,Word,नाड़ीचक्र
hi:W:000387591,Word,नाड़ी-चक्र
hi:W:000387592,Word,नाड़ी_चक्र
hi:W:000387600,Word,फणिचक्र
hi:W:000387640,Word,नाड़ी-नक्षत्र
hi:W:000387641,Word,नाड़ी_नक्षत्र
hi:W:000387642,Word,नाड़ीनक्षत्र
hi:W:000387650,Word,दीवार_घड़ी
hi:W:000387660,Word,दूर-दूर
hi:W:000387661,Word,दूर_दूर
hi:W:000387670,Word,कई_प्रकार_का
hi:W:000387671,Word,अनेक_प्रकार_का
hi:W:000387672,Word,कई_तरह_का
hi:W:000387673,Word,तरह-तरह_का
hi:W:000387674,Word,विविध_प्रकार_का
hi:W:000387675,Word,विभिन्न_प्रकार_का
hi:W:000387676,Word,भिन्न-भिन्न_प्रकार_का
hi:W:000387677,Word,नाना_प्रकार_का
hi:W:000387678,Word,किस्म-किस्म_का
hi:W:000387679,Word,क़िस्म-क़िस्म_का
hi:W:000387680,Word,तला-भुना
hi:W:000387681,Word,तला_भुना
hi:W:000387690,Word,तल-भूनकर
hi:W:000387691,Word,तल_भूनकर
hi:W:000387700,Word,धूपछाँह
hi:W:000387701,Word,धूप-छाँह
hi:W:000387702,Word,धूप_छाँह
hi:W:000387710,Word,देवी-देवता
hi:W:000387711,Word,देवी_देवता
hi:W:000387720,Word,मोहनाशक
hi:W:000387750,Word,धूप-छाँव
hi:W:000387751,Word,धूप_छाँव
hi:W:000387753,Word,धूप_छाँह़
hi:W:000387770,Word,नाइटक्लब
hi:W:000387771,Word,नाइट_क्लब
hi:W:000387772,Word,रात्रिक्लब
hi:W:000387773,Word,रात्रि_क्लब
hi:W:000387774,Word,कैबरे
hi:W:000387775,Word,नाइटस्पाट
hi:W:000387780,Word,राष्ट्रीय_उद्यान
hi:W:000387781,Word,नेशनल_पार्क
hi:W:000387790,Word,पक्षीविज्ञान
hi:W:000387791,Word,पक्षी_विज्ञान
hi:W:000387800,Word,पक्षी-जीवन
hi:W:000387801,Word,पक्षी_जीवन
hi:W:000387850,Word,अवाँसना
hi:W:000387851,Word,अवासना
hi:W:000387860,Word,फ़िल्टर_कॉफ़ी
hi:W:000387861,Word,फिल्टर_कॉफी
hi:W:000387870,Word,प्लास्टिक_सर्जरी
hi:W:000387871,Word,प्लास्टिक_शल्यचिकित्सा
hi:W:000387890,Word,वाइड_बॉल
hi:W:000387891,Word,वाइड_बाल
hi:W:000387900,Word,प्रकृति_उद्यान
hi:W:000387930,Word,बड़-बड़
hi:W:000387931,Word,बड़_बड़
hi:W:000387960,Word,आत्मक
hi:W:000387980,Word,संकटग्रस्तता
hi:W:000387981,Word,आपदाग्रस्तता
hi:W:000387982,Word,विपदाग्रस्तता
hi:W:000387983,Word,आपदग्रस्तता
hi:W:000387984,Word,विपत्तिग्रस्तता
hi:W:000387990,Word,बहुत_कुछ
hi:W:000387991,Word,बहुत-कुछ
hi:W:000387992,Word,काफी-कुछ
hi:W:000387993,Word,क़ाफी-कुछ
hi:W:000388020,Word,भूमिगत_रेलमार्ग
hi:W:000388021,Word,भूमिगत_रेल_मार्ग
hi:W:000388030,Word,मरु_उद्यान
hi:W:000388031,Word,मरुउद्यान
hi:W:000388032,Word,मरु-उद्यान
hi:W:000388033,Word,नख्लिस्तान
hi:W:000388034,Word,नख़्लिस्तान
hi:W:000388035,Word,नख़लिस्तान
hi:W:000388036,Word,नखलिस्तान
hi:W:000388051,Word,काफी_कुछ
hi:W:000388052,Word,क़ाफी_कुछ
hi:W:000388060,Word,मांस_मछली
hi:W:000388061,Word,मांस-मछली
hi:W:000388062,Word,मास_मछली
hi:W:000388063,Word,मास-मछली
hi:W:000388071,Word,मिलाजुला
hi:W:000388072,Word,मिला-जुला
hi:W:000388073,Word,मिला_जुला
hi:W:000388130,Word,इरादा
hi:W:000388131,Word,मनसूबा
hi:W:000388132,Word,मंसूबा
hi:W:000388140,Word,रचना-बसना
hi:W:000388150,Word,राज्य-भंडार
hi:W:000388151,Word,राज्य_भंडार
hi:W:000388180,Word,नेल_कटर
hi:W:0003881911,Word,मुलाहज़ा_करना
hi:W:0003881912,Word,मुलाहिज़ा_करना
hi:W:0003881913,Word,मुलाहजा_करना
hi:W:0003881914,Word,मुलाहिजा_करना
hi:W:000388200,Word,अव्यवस्थितता
hi:W:000388210,Word,अनियमितता
hi:W:000388212,Word,अनियमितत्व
hi:W:000388220,Word,नियमितता
hi:W:000388222,Word,नियमितत्व
hi:W:000388270,Word,जबान_पकड़ना
hi:W:000388271,Word,जबान_थामना
hi:W:000388272,Word,जुबान_पकड़ना
hi:W:000388273,Word,जुबान_थामना
hi:W:000388300,Word,रीवर_क्रूस
hi:W:000388320,Word,रॉक_क्लाइम्बिंग
hi:W:000388321,Word,रॉक_क्लाइंबिंग
hi:W:000388322,Word,चट्टान-चढ़ाई
hi:W:000388380,Word,लैंप_शेड
hi:W:000388381,Word,लैम्प_शेड
hi:W:000388382,Word,लैंपशेड
hi:W:000388383,Word,लैम्पशेड
hi:W:000388390,Word,लयताल
hi:W:000388391,Word,लय-ताल
hi:W:000388392,Word,लय_ताल
hi:W:000388420,Word,लोक-नाट्य
hi:W:000388421,Word,लोक_नाट्य
hi:W:000388422,Word,लोकनाट्य
hi:W:000388423,Word,लोक-नाटक
hi:W:000388424,Word,लोक_नाटक
hi:W:000388425,Word,लोकनाटक
hi:W:000388430,Word,लोक_नाटिका
hi:W:000388431,Word,लोकनाटिका
hi:W:000388432,Word,लोक-नाटिका
hi:W:000388440,Word,धर्मशास्त्रज्ञ
hi:W:000388442,Word,धर्म_शास्त्री
hi:W:000388443,Word,धर्म-शास्त्री
hi:W:000388444,Word,धर्म_शास्त्रज्ञ
hi:W:000388450,Word,लोक_प्रथा
hi:W:000388451,Word,लोक-प्रथा
hi:W:000388460,Word,वनस्पति_जीवन
hi:W:000388461,Word,वनस्पति-जीवन
hi:W:000388470,Word,वर्ग_मीटर
hi:W:000388480,Word,वर्ल्ड_हेरिटेज_साइट
hi:W:000388481,Word,विश्व_धरोहर_क्षेत्र
hi:W:000388482,Word,विश्व_धरोहर_स्थल
hi:W:000388510,Word,वाइल्ड_रि‍वर्स
hi:W:000388520,Word,व्हाइट_वाटर_राफ्टिं‍ग
hi:W:000388530,Word,कदवा_करना
hi:W:000388540,Word,राफ्टिंग
hi:W:000388580,Word,पीठ_दिखाना
hi:W:000388611,Word,फूट_पड़ना
hi:W:000388630,Word,शोपीस
hi:W:000388631,Word,शो_पीस
hi:W:000388640,Word,नृत्य-संगीत
hi:W:000388641,Word,नृत्य_संगीत
hi:W:000388670,Word,धर्मोपदेशक
hi:W:000388680,Word,समुद्रतट
hi:W:000388681,Word,समुद्र-तट
hi:W:000388682,Word,समुद्र_तट
hi:W:000388683,Word,समुद्र_का_किनारा
hi:W:000388684,Word,सागर_तीर
hi:W:000388690,Word,समुद्र_तटीय
hi:W:000388691,Word,समुद्रतटीय
hi:W:000388710,Word,सलवार_कुर्ती
hi:W:000388711,Word,सलवार_कुर्ता
hi:W:000388712,Word,सलवार_कुरती
hi:W:000388713,Word,सलवार_कुरता
hi:W:000388714,Word,सलवार_कमीज
hi:W:000388715,Word,सलवार_कमीज़
hi:W:000388720,Word,प्रश्नचिह्न
hi:W:000388721,Word,प्रश्न_चिह्न
hi:W:000388730,Word,आसमान_के_तारे_तोड़ना
hi:W:000388731,Word,आसमान_में_छेद_करना
hi:W:000388732,Word,आसमान_में_थिगली_लगाना
hi:W:000388790,Word,सार्वजनिक_परिवहन
hi:W:000388800,Word,सास-बहू
hi:W:000388801,Word,सास_बहू
hi:W:000388830,Word,देर_करना
hi:W:000388831,Word,विलंब_करना
hi:W:000388840,Word,आज्ञाप्ति
hi:W:000388841,Word,कानूनी_आदेशपत्र
hi:W:000388842,Word,कानूनी_हुक्मनामा
hi:W:000388843,Word,कानूनी_आज्ञापत्र
hi:W:000388850,Word,सफेदपोश
hi:W:000388851,Word,सफेद-पोश
hi:W:000388852,Word,सफेद_पोश
hi:W:000388853,Word,सफ़ेदपोश
hi:W:000388854,Word,सफ़ेद-पोश
hi:W:000388855,Word,सफ़ेद_पोश
hi:W:000388856,Word,श्वेतपोश
hi:W:000388857,Word,श्वेत-पोश
hi:W:000388858,Word,श्वेत_पोश
hi:W:000388880,Word,ऐडवेन्चर_पार्क
hi:W:000388881,Word,अडवेन्चर_पार्क
hi:W:000388882,Word,साहसिक_उद्यान
hi:W:000388890,Word,साहसिक_पर्यटक
hi:W:000388891,Word,साहसिक_सैलानी
hi:W:000388892,Word,ऐडवेंचर_टूरिस्ट
hi:W:000388893,Word,ऐडवेन्चर_टूरिस्ट
hi:W:000388894,Word,अडवेंचर_टूरिस्ट
hi:W:000388895,Word,अडवेन्चर_टूरिस्ट
hi:W:000388900,Word,स्कूबा_डाइविंग
hi:W:000388910,Word,आदिम_व्यक्ति
hi:W:000388950,Word,सुरक्षा_जाँच
hi:W:000388990,Word,खमीर_उठाना
hi:W:000388991,Word,खमीर_लाना
hi:W:000388992,Word,ख़मीर_उठाना
hi:W:000388993,Word,ख़मीर_लाना
hi:W:000389011,Word,जीवन_यापन_करना
hi:W:000389012,Word,जीवन_बिताना
hi:W:000389050,Word,सुख-समृद्धि
hi:W:000389051,Word,सुख_समृद्धि
hi:W:000389060,Word,साहसिक_पर्यटन
hi:W:000389061,Word,साहसिक_सैर
hi:W:000389062,Word,ऐडवेंचर_टूर
hi:W:000389063,Word,ऐडवेन्चर_टूर
hi:W:000389064,Word,अडवेंचर_टूर
hi:W:000389065,Word,अडवेन्चर_टूर
hi:W:000389070,Word,सुख-सुविधा
hi:W:000389071,Word,सुख-साधन
hi:W:000389072,Word,सुख_सुविधा
hi:W:000389080,Word,सीधा-सरल
hi:W:000389081,Word,सीधा_सरल
hi:W:000389090,Word,स्क्रीन_प्रिंट
hi:W:000389091,Word,स्क्रीन_प्रिन्ट
hi:W:000389100,Word,स्क्रीन_प्रिंटिंग
hi:W:000389101,Word,स्क्रीन_प्रिन्टिंग
hi:W:000389102,Word,स्क्रीन_प्रिन्टिन्ग
hi:W:000389103,Word,स्क्रीन_प्रिंटिन्ग
hi:W:000389110,Word,प्रथम_विश्वयुद्ध
hi:W:000389111,Word,प्रथम_विश्व-युद्ध
hi:W:000389112,Word,फर्स्ट_वर्ल्ड-वॉर
hi:W:000389113,Word,फर्स्ट_वर्ल्ड_वॉर
hi:W:000389114,Word,फर्स्ट_वर्ल्ड-वार
hi:W:000389115,Word,फर्स्ट_वर्ल्ड_वार
hi:W:000389116,Word,वर्ल्ड-वॉर_1
hi:W:000389117,Word,वर्ल्ड_वॉर_1
hi:W:000389118,Word,वर्ल्ड-वार_1
hi:W:000389119,Word,वर्ल्ड_वार_1
hi:W:0003891110,Word,वर्ल्ड-वॉर_I
hi:W:0003891111,Word,वर्ल्ड_वॉर_I
hi:W:0003891112,Word,वर्ल्ड-वार_I
hi:W:0003891113,Word,वर्ल्ड_वार_I
hi:W:0003891114,Word,ग्रेट_वॉर
hi:W:0003891115,Word,ग्रेट_वार
hi:W:000389120,Word,द्वितीय_विश्वयुद्ध
hi:W:000389121,Word,द्वितीय_विश्व-युद्ध
hi:W:000389122,Word,सेकन्ड_वर्ल्ड-वॉर
hi:W:000389123,Word,सेकन्ड_वर्ल्ड_वॉर
hi:W:000389124,Word,सेकन्ड_वर्ल्ड-वार
hi:W:000389125,Word,सेकन्ड_वर्ल्ड_वार
hi:W:000389126,Word,वर्ल्ड-वॉर_2
hi:W:000389127,Word,वर्ल्ड_वॉर_2
hi:W:000389128,Word,वर्ल्ड-वार_2
hi:W:000389129,Word,वर्ल्ड_वार_2
hi:W:0003891210,Word,वर्ल्ड-वॉर_II
hi:W:0003891211,Word,वर्ल्ड_वॉर_II
hi:W:0003891212,Word,वर्ल्ड-वार_II
hi:W:0003891213,Word,वर्ल्ड_वार_II
hi:W:000389150,Word,स्वागत_कक्ष
hi:W:000389151,Word,स्वागत-कक्ष
hi:W:000389152,Word,रिसेप्शन_रूम
hi:W:000389160,Word,हाई-टेक
hi:W:000389161,Word,हाई_टेक
hi:W:000389170,Word,उच्च_तकनीक
hi:W:000389171,Word,हाई_टेक्नॉलॉजी
hi:W:000389172,Word,हाई_टेक्नालॉजी
hi:W:000389173,Word,हाई_टेक्नॉलजी
hi:W:000389174,Word,हाई_टेक्नॉलोजी
hi:W:000389175,Word,हाई_टेक्नोलोजी
hi:W:000389176,Word,हाई_टेक्नालजी
hi:W:000389177,Word,हाई_टेक्नोलॉजी
hi:W:000389178,Word,हाई_टेक्नोलाजी
hi:W:000389180,Word,प्रवाल_भित्ति
hi:W:000389181,Word,प्रवाल_श्रेणी
hi:W:000389182,Word,प्रवाल_शैलमाला
hi:W:000389191,Word,कोरल
hi:W:000389200,Word,प्रकृति_प्रेमी
hi:W:000389201,Word,प्रकृतिप्रेमी
hi:W:000389202,Word,प्रकृति-प्रेमी
hi:W:000389210,Word,चूना_पत्थर
hi:W:000389211,Word,चूना-पत्थर
hi:W:000389220,Word,दीवाने_खास
hi:W:000389221,Word,दीवाने_ख़ास
hi:W:000389222,Word,दीवान_खास
hi:W:000389223,Word,दीवान-ए-खास
hi:W:000389224,Word,दीवान-ए-ख़ास
hi:W:000389225,Word,दीवान_ख़ास
hi:W:000389226,Word,खास_दरबार
hi:W:000389227,Word,ख़ास_दरबार
hi:W:000389240,Word,दीवाने_आम
hi:W:000389241,Word,दीवान-ए-आम
hi:W:000389242,Word,आम_दरबार
hi:W:000389243,Word,दीवान_आम
hi:W:000389270,Word,पक्षी_अवलोकन
hi:W:000389271,Word,बर्ड_वाचिंग
hi:W:000389280,Word,भोजन_प्रेमी
hi:W:000389281,Word,भोजन-प्रेमी
hi:W:000389290,Word,कर्नाटक_संगीत
hi:W:000389291,Word,कर्णाटक_संगीत
hi:W:000389300,Word,हिन्दुस्तानी_संगीत
hi:W:000389310,Word,ऑन_बोर्ड
hi:W:000389311,Word,आन_बोर्ड
hi:W:000389312,Word,पर_सवार
hi:W:000389320,Word,बंगाल_टाइगर
hi:W:000389321,Word,रॉयल_बंगाल_टाइगर
hi:W:000389322,Word,रायल_बंगाल_टाइगर
hi:W:000389323,Word,बंगाल_बाघ
hi:W:000389330,Word,बस_सेवा
hi:W:000389331,Word,बस_सर्विस
hi:W:000389340,Word,व्यापार_मार्ग
hi:W:000389341,Word,ट्रेड_रूट
hi:W:000389350,Word,वन्य_जीवन
hi:W:000389351,Word,वाइल्ड_लाइफ
hi:W:000389360,Word,ट्रांसहिमालय
hi:W:000389361,Word,ट्रांस_हिमालय
hi:W:000389362,Word,ट्रान्सहिमालय
hi:W:000389363,Word,ट्रान्स_हिमालय
hi:W:000389364,Word,हिमालय_पारीय
hi:W:000389370,Word,उत्थान-पतन
hi:W:000389371,Word,उत्थान_पतन
hi:W:000389372,Word,उत्कर्ष-अपकर्ष
hi:W:000389373,Word,उत्कर्ष_अपकर्ष
hi:W:000389380,Word,गाँधी_दर्शन
hi:W:000389381,Word,गाँधी_फिलासफी
hi:W:000389382,Word,गाँधी_फलासफी
hi:W:000389390,Word,कदम-कदम_पर
hi:W:000389392,Word,कदम_कदम_पर
hi:W:000389393,Word,पग_पग_पर
hi:W:000389396,Word,क़दम-क़दम_पर
hi:W:000389398,Word,क़दम_क़दम_पर
hi:W:000389400,Word,सालों-साल
hi:W:000389401,Word,सालों_साल
hi:W:000389410,Word,छुक-छुक
hi:W:000389411,Word,छुक_छुक
hi:W:000389412,Word,छुकछुक
hi:W:000389420,Word,छुछमछली
hi:W:000389421,Word,टैडपोल
hi:W:000389422,Word,टेडपोल
hi:W:000389430,Word,साल-दर-साल
hi:W:000389431,Word,साल-ब-साल
hi:W:000389432,Word,साल-बसाल
hi:W:000389470,Word,नाभिकेंद्र
hi:W:000389471,Word,नाभिकेन्द्र
hi:W:000389472,Word,नाभि-केंद्र
hi:W:000389473,Word,नाभि-केन्द्र
hi:W:000389474,Word,नाभि_केंद्र
hi:W:000389475,Word,नाभि_केन्द्र
hi:W:000389480,Word,संकेत_चिह्न
hi:W:000389481,Word,संकेत-चिह्न
hi:W:000389482,Word,संकेत_चिन्ह
hi:W:000389483,Word,संकेत-चिन्ह
hi:W:000389500,Word,संकेत-चित्र
hi:W:000389501,Word,संकेत_चित्र
hi:W:000389540,Word,मंझाना
hi:W:000389550,Word,बीच_में_आना
hi:W:000389551,Word,बीच_में_पड़ना
hi:W:000389560,Word,सुहाल
hi:W:000389600,Word,रेंड़ना
hi:W:000389613,Word,आत्म्य
hi:W:000389614,Word,आत्मा_विषयक
hi:W:000389621,Word,अनात्म्य
hi:W:000389680,Word,रसौषध
hi:W:000389681,Word,रासायनिक_औषध
hi:W:000389682,Word,रस_औषधि
hi:W:000389683,Word,रासायनिक_औषधि
hi:W:000389690,Word,सिद्ध_रसायन
hi:W:000389691,Word,सिद्ध-रसायन
hi:W:000389692,Word,सिद्धरसायन
hi:W:000389770,Word,ऐतिहासिकता
hi:W:000389790,Word,मित्र_राष्ट्र
hi:W:000389791,Word,मित्रराष्ट्र
hi:W:000389792,Word,मित्र_देश
hi:W:000389793,Word,मित्रदेश
hi:W:000389800,Word,मित्रराष्ट्रसंघ
hi:W:000389801,Word,मित्रराष्ट्र_संघ
hi:W:000389802,Word,मित्र_राष्ट्र_संघ
hi:W:000389814,Word,संश्रित_राष्ट्र
hi:W:000389815,Word,ऐलाइज़
hi:W:000389816,Word,ऐलाइड_पावर्स
hi:W:000389820,Word,धुरी_राष्ट्र
hi:W:000389821,Word,धुरीराष्ट्र
hi:W:000389822,Word,ऐक्सिस_पावर्स
hi:W:000389840,Word,केंद्र_शक्ति
hi:W:000389841,Word,केन्द्र_शक्ति
hi:W:000389842,Word,केंद्रीय_शक्ति
hi:W:000389843,Word,केन्द्रीय_शक्ति
hi:W:000389844,Word,सेंट्रल_पावर्स
hi:W:000389970,Word,बद्धजीव
hi:W:000389991,Word,मालगोदाम
hi:W:000389992,Word,माल_गोदाम
hi:W:000389994,Word,गोडाउन
hi:W:000390001,Word,आत्म-ज्ञान
hi:W:000390002,Word,आत्म_ज्ञान
hi:W:000390003,Word,स्वज्ञान
hi:W:000390004,Word,स्व-ज्ञान
hi:W:000390005,Word,स्व_ज्ञान
hi:W:000390010,Word,ब्रह्मज्ञान
hi:W:000390011,Word,ब्रह्म-ज्ञान
hi:W:000390012,Word,ब्रह्म_ज्ञान
hi:W:000390024,Word,तत्व_ज्ञान
hi:W:000390043,Word,अवलोचना
hi:W:000390050,Word,काईटिन
hi:W:000390060,Word,दशधा
hi:W:000390100,Word,वैष्णव_देवी
hi:W:000390101,Word,वैष्णव_माता
hi:W:000390102,Word,वैष्णव_माँ
hi:W:000390103,Word,वैष्णव_मां
hi:W:000390104,Word,माता_वैष्णव
hi:W:000390105,Word,माँ_वैष्णव
hi:W:000390106,Word,मां_वैष्णव
hi:W:000390108,Word,वैष्णवी_देवी
hi:W:000390109,Word,वैष्णवी_माता
hi:W:0003901010,Word,वैष्णवी_माँ
hi:W:0003901011,Word,वैष्णवी_मां
hi:W:0003901012,Word,माता_वैष्णवी
hi:W:0003901013,Word,माँ_वैष्णवी
hi:W:0003901014,Word,मां_वैष्णवी
hi:W:0003901015,Word,वैष्णो_देवी
hi:W:0003901016,Word,वैष्णो_माता
hi:W:0003901017,Word,वैष्णो_माँ
hi:W:0003901018,Word,वैष्णो_मां
hi:W:0003901019,Word,माता_वैष्णो
hi:W:0003901020,Word,माँ_वैष्णो
hi:W:0003901021,Word,मां_वैष्णो
hi:W:000390110,Word,संतोषी_माँ
hi:W:000390111,Word,माँ_संतोषी
hi:W:000390112,Word,संतोषी_मां
hi:W:000390113,Word,मां_संतोषी
hi:W:000390114,Word,संतोषी_माता
hi:W:000390115,Word,माता_संतोषी
hi:W:000390120,Word,शुभारंभ
hi:W:000390121,Word,शुभारम्भ
hi:W:000390141,Word,सामनेवाला
hi:W:000390151,Word,B
hi:W:000390152,Word,b
hi:W:000390153,Word,B_अक्षर
hi:W:000390154,Word,b_अक्षर
hi:W:000390161,Word,O
hi:W:000390162,Word,o
hi:W:000390163,Word,O_अक्षर
hi:W:000390164,Word,o_अक्षर
hi:W:000390180,Word,कोक_बोरोक
hi:W:000390181,Word,कोक-बोरोक
hi:W:000390182,Word,कोकबोरोक
hi:W:000390183,Word,बोरोक_भाषा
hi:W:000390184,Word,त्रिपुरी_भाषा
hi:W:000390185,Word,बोरोक
hi:W:000390186,Word,त्रिपुरी
hi:W:000390201,Word,पारन
hi:W:000390300,Word,सुरमा
hi:W:000390320,Word,सुरमा_नदी
hi:W:000390321,Word,बरक_नदी
hi:W:000390323,Word,बरक
hi:W:000390350,Word,ज्वाला_देवी
hi:W:000390351,Word,ज्वालामुखी_देवी
hi:W:000390354,Word,जोता_वाली
hi:W:000390361,Word,उदग्रहण
hi:W:000390370,Word,उपवर्ग
hi:W:000390371,Word,उप-वर्ग
hi:W:000390372,Word,अंतर्वर्ग
hi:W:000390373,Word,अन्तर्वर्ग
hi:W:000390390,Word,कागजात
hi:W:000390391,Word,काग़ज़ात
hi:W:000390423,Word,गो-धूलि
hi:W:000390424,Word,गो-धूली
hi:W:000390425,Word,गो-रज
hi:W:000390453,Word,किस्तबंदी
hi:W:000390454,Word,किस्तबन्दी
hi:W:000390455,Word,किश्तबंदी
hi:W:000390456,Word,किश्तबन्दी
hi:W:000390500,Word,शोभादायक
hi:W:000390520,Word,कोचनील
hi:W:000390521,Word,कॉचनील
hi:W:000390522,Word,काचनील
hi:W:000390540,Word,लालचीपन
hi:W:000390541,Word,लालचीपना
hi:W:000390542,Word,लोलुपता
hi:W:000390600,Word,वेटिकन
hi:W:000390601,Word,वैटिकन
hi:W:000390602,Word,वेटिकन_पैलेस
hi:W:000390603,Word,वेटिकन_पैलस
hi:W:000390604,Word,वेटिकन_पैलिस
hi:W:000390605,Word,वैटिकन_पैलेस
hi:W:000390606,Word,वैटिकन_पैलस
hi:W:000390607,Word,वैटिकन_पैलिस
hi:W:000390710,Word,उत्कीर्ण_लेख
hi:W:000390730,Word,असिक्नी
hi:W:000390751,Word,कंकरीली_मिट्टी
hi:W:000390761,Word,पहाड़ी_ढलान
hi:W:000390762,Word,पहाड़ी_ढाल
hi:W:000390820,Word,घुमाँ
hi:W:000390880,Word,नापसंदगी
hi:W:000390921,Word,शब्दकारी
hi:W:000390922,Word,ध्वनिकारक
hi:W:000391000,Word,अभिमानता
hi:W:000391001,Word,अहंकारिता
hi:W:000391002,Word,अभिमानत्व
hi:W:000391110,Word,संदीपनी
hi:W:000391111,Word,सन्दीपनी
hi:W:000391170,Word,सुदामा_पर्वत
hi:W:000391183,Word,सुदामा_नदी
hi:W:000391184,Word,सुदाम_नदी
hi:W:000391185,Word,सुदामन_नदी
hi:W:000391210,Word,मेट्रन
hi:W:000391211,Word,मैट्रन
hi:W:000391212,Word,मुख्य_परिचारिका
hi:W:000391213,Word,मुख्य_नर्स
hi:W:000391214,Word,हेड_नर्स
hi:W:000391240,Word,कॉस्टिक_सोडा
hi:W:000391241,Word,कास्टिक_सोडा
hi:W:000391242,Word,दाहक_सोडा
hi:W:000391243,Word,सोडियम_हाइड्रॉक्साइड
hi:W:000391244,Word,सोडियम_हाइड्राक्साइड
hi:W:000391250,Word,कॉस्टिक
hi:W:000391251,Word,कास्टिक
hi:W:000391260,Word,सज्जी
hi:W:000391261,Word,सज्जी_खार
hi:W:000391262,Word,सज्जी_क्षार
hi:W:000391263,Word,सज्जीखार
hi:W:000391264,Word,सज्जीक्षार
hi:W:000391270,Word,कुंडलधारी
hi:W:000391272,Word,कुंडलित
hi:W:000391273,Word,कुण्डलधारी
hi:W:000391275,Word,कुण्डलित
hi:W:000391281,Word,कुंडलीकृत
hi:W:000391283,Word,कुण्डलीकृत
hi:W:000391320,Word,आर-पार_करना
hi:W:000391321,Word,आर-पार_निकालना
hi:W:000391322,Word,पार_निकालना
hi:W:000391390,Word,प्रक्षेप्य
hi:W:000391410,Word,स्वर्ण_पदक
hi:W:000391411,Word,स्वर्णपदक
hi:W:000391422,Word,अनुलंबन
hi:W:000391423,Word,अनुलम्बन
hi:W:000391424,Word,मुअत्तली
hi:W:000391430,Word,होलिका_दहन
hi:W:000391431,Word,होलिका-दहन
hi:W:000391475,Word,पदच्युत
hi:W:000391476,Word,अपदस्थ
hi:W:000391480,Word,रजत_पदक
hi:W:000391481,Word,रजतपदक
hi:W:000391490,Word,कांस्य_पदक
hi:W:000391491,Word,कांस्यपदक
hi:W:000391500,Word,ताइक्वांडो
hi:W:000391510,Word,मार्शल_आर्ट
hi:W:000391520,Word,कराटे
hi:W:000391530,Word,जुजुत्सु
hi:W:000391531,Word,जुजित्सु
hi:W:000391540,Word,तांत्रिक_प्रयोग
hi:W:000391541,Word,तांत्रिक_उपचार
hi:W:000391590,Word,करमसाग
hi:W:000391600,Word,अगले_साल
hi:W:000391601,Word,आगामी_वर्ष
hi:W:000391602,Word,अगले_वर्ष
hi:W:000391603,Word,अगले_बरस
hi:W:000391620,Word,वर्ण_विपर्यय
hi:W:000391621,Word,वर्ण-विपर्यय
hi:W:000391650,Word,स्वाँगी
hi:W:000391652,Word,स्वांगी
hi:W:000391690,Word,लोक_गायक
hi:W:000391691,Word,लोकगायक
hi:W:000391692,Word,लोक-गायक
hi:W:000391740,Word,राजकर्मचारी
hi:W:000391810,Word,प्रमात्रा
hi:W:000391811,Word,क्वांटम
hi:W:000391812,Word,क्वान्टम
hi:W:000391840,Word,चोप
hi:W:000391841,Word,चेप
hi:W:000391842,Word,चोंप
hi:W:000391890,Word,शिकारी_कुत्ता
hi:W:000391930,Word,ज़बान_चलाना
hi:W:000391931,Word,जबान_चलाना
hi:W:000391932,Word,ज़बान_लड़ाना
hi:W:000391933,Word,जबान_लड़ाना
hi:W:000392000,Word,मुक़दमा_चलाना
hi:W:000392001,Word,मुकदमा_चलाना
hi:W:000392002,Word,अभियोग_चलाना
hi:W:000392003,Word,नालिश_करना
hi:W:000392004,Word,केस_करना
hi:W:000392005,Word,सू_करना
hi:W:000392045,Word,दरबारदार
hi:W:000392062,Word,सान_धरना
hi:W:000392063,Word,सान_चढ़ाना
hi:W:000392070,Word,नवाबी
hi:W:000392121,Word,स्वादहीनता
hi:W:000392260,Word,दम_निकलना
hi:W:000392261,Word,थककर_चूर_होना
hi:W:000392262,Word,निढाल_होना
hi:W:000392263,Word,चूलें_ढीली_होना
hi:W:000392280,Word,वादा_किया_हुआ
hi:W:000392370,Word,सुगंधबाला
hi:W:000392371,Word,सुगन्धबाला
hi:W:000392380,Word,निगलित
hi:W:000392411,Word,लिमिटेड
hi:W:000392423,Word,पूर्वकाल_जात
hi:W:000392490,Word,उपयुक्ततता
hi:W:000392540,Word,कुमारिलभट्ट
hi:W:000392541,Word,कुमारिल_भट्ट
hi:W:000392551,Word,शबर_स्वामी
hi:W:000392570,Word,माधवाचार्य
hi:W:000392601,Word,रिश्वत_लेना
hi:W:000392602,Word,घूस_लेना
hi:W:000392603,Word,रिश्वत_खाना
hi:W:000392604,Word,घूस_खाना
hi:W:000392660,Word,उभयचर_विमान
hi:W:000392661,Word,जल-स्थलचर_विमान
hi:W:000392662,Word,जल-थलचर_विमान
hi:W:000392663,Word,जलस्थलचर_विमान
hi:W:000392664,Word,जलथलचर_विमान
hi:W:000392665,Word,उभयचर_वायुयान
hi:W:000392666,Word,जल-स्थलचर_वायुयान
hi:W:000392667,Word,जल-थलचर_वायुयान
hi:W:000392668,Word,जलस्थलचर_वायुयान
hi:W:000392669,Word,जलथलचर_वायुयान
hi:W:000392670,Word,उभयचर_वाहन
hi:W:000392671,Word,जल-स्थलचर_वाहन
hi:W:000392672,Word,जल-थलचर_वाहन
hi:W:000392673,Word,जलस्थलचर_वाहन
hi:W:000392674,Word,जलथलचर_वाहन
hi:W:000392770,Word,अस्त_व्यस्त_करना
hi:W:000392771,Word,बेतरतीब_करना
hi:W:000392780,Word,व्याख्यानमाला
hi:W:000392781,Word,व्याख्यान_शृंखला
hi:W:000392782,Word,व्याख्यान_श्रृंखला
hi:W:000392790,Word,ढैचा
hi:W:000392791,Word,ढैंचा
hi:W:000392792,Word,ढेंचा
hi:W:000392793,Word,ढेचा
hi:W:000392794,Word,ढ़ेचा
hi:W:000392800,Word,जिला_परिषद
hi:W:000392801,Word,जिला-परिषद
hi:W:000392824,Word,लिखित_समझौता
hi:W:000392862,Word,इत्संज्ञक_सांकेतिक_वर्ण
hi:W:000392871,Word,विलेख
hi:W:000392880,Word,विक्रय-पत्र
hi:W:000392881,Word,विक्रय_पत्र
hi:W:000392882,Word,बैनामा
hi:W:000392890,Word,संवीक्षा
hi:W:000392891,Word,स्क्रूटनी
hi:W:000392930,Word,ठहाका_लगाना
hi:W:000392931,Word,ठहाका_मारना
hi:W:000392932,Word,अट्टहास_करना
hi:W:000393000,Word,झंडा_गाड़ना
hi:W:000393002,Word,झंडा_लहराना
hi:W:000393003,Word,परचम_लहराना
hi:W:000393004,Word,परचम_फहराना
hi:W:000393010,Word,वृक्षपंक्ति
hi:W:000393011,Word,वृक्षकतार
hi:W:000393012,Word,वृक्षावली
hi:W:000393013,Word,वृक्ष-पंक्ति
hi:W:000393014,Word,वृक्ष-कतार
hi:W:000393020,Word,शिक्षाविद्
hi:W:000393021,Word,शिक्षाविशारद्
hi:W:000393022,Word,शिक्षाविद
hi:W:000393023,Word,शिक्षाविशारद
hi:W:000393024,Word,शिक्षाशास्त्री
hi:W:000393025,Word,शिक्षणवेत्ता
hi:W:000393030,Word,देश-विदेश
hi:W:000393031,Word,देश_विदेश
hi:W:000393040,Word,बाल_मजदूर
hi:W:000393041,Word,बाल_मज़दूर
hi:W:000393042,Word,बाल_श्रमिक
hi:W:000393050,Word,चैत्य
hi:W:000393051,Word,चैत्यगृह
hi:W:000393052,Word,चैत्य_गृह
hi:W:000393053,Word,चैत्य-गृह
hi:W:000393060,Word,भौतिकतावाद
hi:W:000393061,Word,भौतिकवाद
hi:W:000393062,Word,पदार्थवाद
hi:W:000393080,Word,दूसरा_राज्य
hi:W:000393081,Word,अन्य_राज्य
hi:W:000393082,Word,परराज्य
hi:W:000393090,Word,जन-जागरण
hi:W:000393091,Word,जन_जागरण
hi:W:000393092,Word,जनजागरण
hi:W:000393093,Word,जन-जागृति
hi:W:000393094,Word,जन_जागृति
hi:W:000393095,Word,जनजागृति
hi:W:000393100,Word,प्रत्यक्ष_विदेशी_निवेश
hi:W:000393101,Word,एफडीआई
hi:W:000393102,Word,एफ_डी_आई
hi:W:000393103,Word,फॉरेन_डायरेक्ट_इन्वेस्टमेन्ट
hi:W:000393120,Word,बिजली_का_बिल
hi:W:000393121,Word,बिजली_बिल
hi:W:000393122,Word,बिजली-बिल
hi:W:000393170,Word,कार्यशील_पूँजी
hi:W:000393171,Word,कार्यकारी_पूँजी
hi:W:000393172,Word,चल_पूँजी
hi:W:000393173,Word,कार्यशील_पूंजी
hi:W:000393174,Word,चल_पूंजी
hi:W:000393175,Word,कार्यकारी_पूंजी
hi:W:000393184,Word,हाथ_पीले_करना
hi:W:000393185,Word,विवाह_कराना
hi:W:000393186,Word,शादी_कराना
hi:W:000393190,Word,याद_आना
hi:W:000393191,Word,ध्यान_में_आना
hi:W:000393192,Word,ध्यान_आना
hi:W:000393193,Word,ख्याल_आना
hi:W:000393194,Word,खयाल_आना
hi:W:000393195,Word,ख़्याल_आना
hi:W:000393196,Word,ख़याल_आना
hi:W:000393198,Word,याद_पड़ना
hi:W:000393200,Word,ध्यान_लगना
hi:W:000393202,Word,ध्यान_जमना
hi:W:000393203,Word,ध्यान_बँधना
hi:W:000393204,Word,मन_का_एकाग्र_होना
hi:W:000393205,Word,एकाग्रचित्त_होना
hi:W:000393210,Word,ध्यान_बँटना
hi:W:000393211,Word,ध्यान_टूटना
hi:W:000393212,Word,ध्यान_छूटना
hi:W:000393220,Word,ध्यान_करना
hi:W:000393230,Word,प्लक्षराज
hi:W:000393240,Word,विवाह_करवाना
hi:W:000393241,Word,शादी_करवाना
hi:W:000393254,Word,उत्क्रम-माप
hi:W:000393261,Word,बाणगंगा_सरोवर
hi:W:000393263,Word,बाणगङ्गा_सरोवर
hi:W:000393271,Word,बाणगंगा_कुंड
hi:W:000393273,Word,बाणगङ्गा_कुंड
hi:W:000393274,Word,भीष्मकुंड
hi:W:000393275,Word,भीष्म_कुंड
hi:W:000393280,Word,बैनगंगा
hi:W:000393281,Word,बैनगंगा_नदी
hi:W:000393282,Word,बैनगङ्गा
hi:W:000393283,Word,बैनगङ्गा_नदी
hi:W:000393300,Word,शंका_निवारण
hi:W:000393301,Word,शंका_समाधान
hi:W:000393302,Word,शंका-निवारण
hi:W:000393303,Word,शंका-समाधान
hi:W:000393304,Word,शंका_निराकरण
hi:W:000393305,Word,शंका-निराकरण
hi:W:000393330,Word,स्वाध्यायी
hi:W:000393340,Word,उपप्रश्न
hi:W:000393350,Word,अपना_घर
hi:W:000393351,Word,स्वगृह
hi:W:000393377,Word,चांडाल_जाति
hi:W:000393378,Word,चंडाल_जाति
hi:W:000393379,Word,चाण्डाल_जाति
hi:W:0003933710,Word,डोम_जाति
hi:W:0003933711,Word,श्वपच_जाति
hi:W:0003933712,Word,श्वपाक_जाति
hi:W:0003933714,Word,पुक्कस
hi:W:0003933715,Word,मातंग_जाति
hi:W:0003933716,Word,पुक्कस_जाति
hi:W:000393380,Word,मेघालयी
hi:W:000393400,Word,हरियाणावासी
hi:W:000393401,Word,हरियाणा-वासी
hi:W:000393402,Word,हरियाणा_वासी
hi:W:000393410,Word,कश्मीरवासी
hi:W:000393411,Word,कश्मीर-वासी
hi:W:000393412,Word,कश्मीर_वासी
hi:W:000393420,Word,पंजाबवासी
hi:W:000393421,Word,पंजाब_वासी
hi:W:000393422,Word,पंजाब-वासी
hi:W:000393430,Word,नेपालवासी
hi:W:000393431,Word,नैपालवासी
hi:W:000393432,Word,नेपाल_वासी
hi:W:000393433,Word,नैपाल_वासी
hi:W:000393434,Word,नेपाल-वासी
hi:W:000393435,Word,नैपाल-वासी
hi:W:000393440,Word,गुजरातवासी
hi:W:000393441,Word,गुजरात_वासी
hi:W:000393442,Word,गुजरात-वासी
hi:W:000393450,Word,बंगालवासी
hi:W:000393451,Word,बंगाल_वासी
hi:W:000393452,Word,बंगाल-वासी
hi:W:000393470,Word,नरेन्द्र_मोदी
hi:W:000393471,Word,नरेन्द्र_दामोदरदास_मोदी
hi:W:000393490,Word,मेघालयवासी
hi:W:000393491,Word,मेघालय_वासी
hi:W:000393492,Word,मेघालय-वासी
hi:W:000393510,Word,नागालैंडी
hi:W:000393511,Word,नागालैण्डी
hi:W:000393530,Word,नागालैंडवासी
hi:W:000393531,Word,नागालैंड_वासी
hi:W:000393532,Word,नागालैंड-वासी
hi:W:000393533,Word,नागालैण्डवासी
hi:W:000393534,Word,नागालैण्ड_वासी
hi:W:000393535,Word,नागालैण्ड-वासी
hi:W:000393540,Word,आम_आदमी_पार्टी
hi:W:000393541,Word,आप_पार्टी
hi:W:000393550,Word,मिज़ोरमवासी
hi:W:000393551,Word,मिजोरमवासी
hi:W:000393552,Word,मीज़ोरमवासी
hi:W:000393553,Word,मीजोरमवासी
hi:W:000393560,Word,खड़ी_बोली
hi:W:000393562,Word,ठेठ_हिंदी
hi:W:000393571,Word,दखनी
hi:W:000393572,Word,दकनी
hi:W:000393574,Word,दक्खिनी_भाषा
hi:W:000393575,Word,दखनी_भाषा
hi:W:000393576,Word,दकनी_भाषा
hi:W:000393577,Word,रेखता_भाषा
hi:W:000393582,Word,दक्षिणी_भाषा
hi:W:000393613,Word,टपका_हुआ
hi:W:000393630,Word,पक्की_इमारत
hi:W:000393631,Word,पक्का_भवन
hi:W:000393632,Word,पक्की_बिल्डिंग
hi:W:000393650,Word,मणिपुरवासी
hi:W:000393651,Word,मणिपुर_वासी
hi:W:000393652,Word,मणिपुर-वासी
hi:W:000393660,Word,भोजपुरवासी
hi:W:000393661,Word,भोजपुर_वासी
hi:W:000393662,Word,भोजपुर-वासी
hi:W:000393671,Word,भोजपुरिया
hi:W:000393740,Word,वेस्टकोट
hi:W:000393741,Word,वेस्ट
hi:W:000393750,Word,उत्तर_प्रदेशी
hi:W:000393751,Word,उत्तरप्रदेशी
hi:W:000393752,Word,उत्तर-प्रदेशी
hi:W:000393753,Word,उत्तर_प्रदेशीय
hi:W:000393754,Word,उत्तरप्रदेशीय
hi:W:000393755,Word,उत्तर-प्रदेशीय
hi:W:000393790,Word,प्रवासी_भारतीय
hi:W:000393791,Word,अनिवासी_भारतीय
hi:W:000393792,Word,एनआरआई
hi:W:000393793,Word,एन_आर_आई
hi:W:000393820,Word,शपथविधि
hi:W:000393830,Word,जीवनावश्यक
hi:W:000393843,Word,बचे
hi:W:000393844,Word,बचे_हुए
hi:W:000393851,Word,भगवा_झंडा
hi:W:000393852,Word,भगवा_ध्वज
hi:W:000393870,Word,काँस्य_युग
hi:W:000393871,Word,कांस्य_युग
hi:W:000393872,Word,काँस्य-युग
hi:W:000393873,Word,कांस्य-युग
hi:W:000393874,Word,काँस्य_काल
hi:W:000393875,Word,कांस्य_काल
hi:W:000393876,Word,काँस्य-काल
hi:W:000393877,Word,कांस्य-काल
hi:W:000393890,Word,व्यवहारकुशल
hi:W:000393891,Word,व्यवहार-कुशल
hi:W:000393902,Word,आवाय_राजनीति
hi:W:000393950,Word,कँधावर
hi:W:000393951,Word,कंधावर
hi:W:000393960,Word,ऋण_माफी
hi:W:000393961,Word,कर्ज_माफी
hi:W:000393962,Word,ऋण_माफ़ी
hi:W:000393963,Word,क़र्ज़_माफ़ी
hi:W:000393964,Word,ऋण_मुआफी
hi:W:000393965,Word,क़र्ज़_मुआफ़ी
hi:W:000393970,Word,हर_माह
hi:W:000393971,Word,हर_महीने
hi:W:000393972,Word,प्रतिमाह
hi:W:000393973,Word,दर_माह
hi:W:000393974,Word,दर_महीने
hi:W:000393975,Word,प्रति_माह
hi:W:000393976,Word,प्रति_महीने_प्रतिमास
hi:W:000393977,Word,प्रति_मास
hi:W:000393978,Word,महीने-दर-महीने
hi:W:000393982,Word,मुआफी
hi:W:000393984,Word,क्षमाई
hi:W:000393985,Word,क्षमापन
hi:W:000393990,Word,कृषि_प्रधान
hi:W:000393991,Word,कृषि-प्रधान
hi:W:000394012,Word,कन्धावर
hi:W:000394030,Word,हैंगर
hi:W:000394050,Word,परीक्षा_केंद्र
hi:W:000394051,Word,परीक्षा_केन्द्र
hi:W:000394060,Word,बोर्ड_की_परीक्षा
hi:W:000394061,Word,बोर्ड_परीक्षा
hi:W:000394114,Word,मंडूर
hi:W:000394115,Word,मण्डूर
hi:W:000394118,Word,सिंघान
hi:W:000394121,Word,मंडूर_भस्म
hi:W:000394123,Word,मण्डूर_भस्म
hi:W:000394150,Word,चिप्पड़
hi:W:000394151,Word,पपड़ा
hi:W:000394170,Word,पपड़ियाना
hi:W:000394200,Word,पपीती
hi:W:000394220,Word,चिपड़ी
hi:W:000394221,Word,गोइँठी
hi:W:000394222,Word,गोसी
hi:W:000394223,Word,गोहरी
hi:W:000394224,Word,ग्वैंठी
hi:W:000394225,Word,उपली
hi:W:000394260,Word,के_रूप_में
hi:W:000394261,Word,की_तरह
hi:W:000394270,Word,सभापतित्व
hi:W:000394271,Word,सभाध्यक्षता
hi:W:000394272,Word,सभाध्यक्षत्व
hi:W:000394280,Word,सर्व_शिक्षा_अभियान
hi:W:000394281,Word,एसएसए
hi:W:000394290,Word,आंगनबाड़ी
hi:W:000394291,Word,आंगनवाड़ी
hi:W:000394292,Word,आँगनवाड़ी
hi:W:000394293,Word,आँगनबाड़ी
hi:W:000394330,Word,बाजार_भाव
hi:W:000394331,Word,बाजार_मूल्य
hi:W:000394332,Word,बाज़ार_भाव
hi:W:000394333,Word,बाज़ार_मूल्य
hi:W:000394334,Word,बजार_भाव
hi:W:000394335,Word,बजार_मूल्य
hi:W:000394340,Word,फलोत्पादन
hi:W:000394360,Word,वृक्षाच्छादन
hi:W:000394370,Word,ग्रामीण_उद्योग
hi:W:000394371,Word,ग्राम_उद्योग
hi:W:000394372,Word,ग्रामोद्योग
hi:W:000394390,Word,ग्लोबल_वार्मिंग
hi:W:000394391,Word,वैश्विक_गरमाहट
hi:W:000394392,Word,वैश्विक_तपन
hi:W:000394393,Word,वैश्विक_उष्मोत्पादन
hi:W:000394420,Word,घुटनों_के_बल_चलना
hi:W:000394430,Word,सटकर_बैठना
hi:W:000394431,Word,घुटनों_से_लगकर_बैठना
hi:W:000394451,Word,घुट-घुटकर_जीना
hi:W:000394460,Word,घुट-घुटकर_मरना
hi:W:000394490,Word,चिकनाना
hi:W:000394491,Word,चिकना_करना
hi:W:000394530,Word,चिकनी-चुपड़ी_बातें_करना
hi:W:000394531,Word,चिकनी_चुपड़ी_बातें_करना
hi:W:000394541,Word,चिकना_होना
hi:W:000394620,Word,लीपा-पोती_करना
hi:W:000394621,Word,लीपापोती_करना
hi:W:000394622,Word,लीपा_पोती_करना
hi:W:000394630,Word,वनस्पति_घी
hi:W:000394631,Word,कृत्रिम_घी
hi:W:000394640,Word,डालडा
hi:W:000394641,Word,डालडा_घी
hi:W:000394660,Word,ग्लूकोमीटर
hi:W:000394661,Word,ग्लूकोज_मीटर
hi:W:000394680,Word,गैर_कृषि
hi:W:000394681,Word,ग़ैर_कृषि
hi:W:000394682,Word,गैर-कृषि
hi:W:000394683,Word,ग़ैर-कृषि
hi:W:000394690,Word,कृषि_क्षेत्र
hi:W:000394691,Word,कृषि-क्षेत्र
hi:W:000394700,Word,रास्ते_लगना
hi:W:000394701,Word,राह_पकड़ना
hi:W:000394702,Word,रास्ता_पकड़ना
hi:W:000394703,Word,मार्ग_लगना
hi:W:000394704,Word,मार्ग_पकड़ना
hi:W:000394770,Word,एकेश्वरवाद
hi:W:000394780,Word,एकेश्वरवादी
hi:W:000394800,Word,सर्वात्मवाद
hi:W:000394801,Word,सर्वेश्वरवाद
hi:W:000394810,Word,सर्वात्मवादी
hi:W:000394811,Word,सर्वेश्वरवादी
hi:W:000394850,Word,नींद_हराम_होना
hi:W:000394851,Word,नींद_उड़ना
hi:W:000394913,Word,बटवाना
hi:W:000394918,Word,घोंटाना
hi:W:000394919,Word,घोंटवाना
hi:W:000394954,Word,हिस्सा_करवाना
hi:W:000394960,Word,पिसा
hi:W:000394961,Word,पिसा_हुआ
hi:W:000394962,Word,बटा_हुआ
hi:W:000394964,Word,बँटा_हुआ
hi:W:000394965,Word,बँटा
hi:W:000394966,Word,बटवाँ
hi:W:000394975,Word,ऐंठा
hi:W:000394976,Word,ऐंठा_हुआ
hi:W:000394977,Word,पूरा_पूरा_हुआ
hi:W:000394978,Word,भाँजा
hi:W:000394979,Word,भाँजा_हुआ
hi:W:000395030,Word,उत्तरांचल
hi:W:000395031,Word,उत्तराञ्चल
hi:W:000395040,Word,बागेश्वर
hi:W:000395041,Word,बागेश्वर_शहर
hi:W:000395050,Word,बागेश्वर_जिला
hi:W:000395051,Word,बागेश्वर_ज़िला
hi:W:000395060,Word,रुद्रपुर
hi:W:000395070,Word,डिग्रीधारी
hi:W:000395071,Word,डिग्रीधारक
hi:W:000395072,Word,उपाधिधारी
hi:W:000395073,Word,उपाधिधारक
hi:W:000395080,Word,हथपिसा
hi:W:000395081,Word,हाथपिसा
hi:W:000395090,Word,हथकुटा
hi:W:000395091,Word,हाथकुटा
hi:W:000395100,Word,टेरीलिन
hi:W:000395101,Word,टेरलिन
hi:W:000395110,Word,पॉलिएस्टर
hi:W:000395111,Word,पॉलिस्टर
hi:W:000395112,Word,पॉलीएस्टर
hi:W:000395113,Word,पालिस्टर
hi:W:000395114,Word,पालिएस्टर
hi:W:000395115,Word,पालीएस्टर
hi:W:000395120,Word,पदकधारी
hi:W:000395121,Word,पदकधारक
hi:W:000395130,Word,पॉलिमर
hi:W:000395131,Word,बहुलक
hi:W:000395132,Word,बहुरूपी
hi:W:000395133,Word,पॉलमर
hi:W:000395134,Word,पालिमर
hi:W:000395135,Word,पालमर
hi:W:000395140,Word,एकलक
hi:W:000395141,Word,मॉनमर
hi:W:000395142,Word,मानमर
hi:W:000395143,Word,मोनोमार
hi:W:000395162,Word,ब्रान्च
hi:W:000395180,Word,समयसाध्य
hi:W:000395181,Word,समयखाऊ
hi:W:000395182,Word,समय-साध्य
hi:W:000395183,Word,समय_साध्य
hi:W:000395184,Word,समय_खाऊ
hi:W:000395200,Word,श्रमसाध्य
hi:W:000395201,Word,श्रम-साध्य
hi:W:000395202,Word,श्रम_साध्य
hi:W:000395210,Word,समयनिष्ठ
hi:W:000395211,Word,समय-निष्ठ
hi:W:000395212,Word,समय_का_पाबंद
hi:W:000395213,Word,समय_का_पाबन्द
hi:W:000395230,Word,ट्यूशन
hi:W:000395231,Word,ट्यूइशन
hi:W:000395232,Word,टूइशन
hi:W:000395240,Word,विकाराबाद
hi:W:000395241,Word,विकाराबाद_शहर
hi:W:000395250,Word,सूर्य_प्रकाश
hi:W:000395280,Word,रेज़िन
hi:W:000395281,Word,रेजिन
hi:W:000395290,Word,बहुलीकरण
hi:W:000395291,Word,पलिमरिज़ेशन
hi:W:000395292,Word,पालिमरज़ैशन
hi:W:000395300,Word,नगर_परिषद्
hi:W:000395301,Word,नगर_परिषद
hi:W:000395302,Word,नगर-परिषद्
hi:W:000395303,Word,नगर-परिषद
hi:W:000395304,Word,नगरपरिषद्
hi:W:000395305,Word,नगरपरिषद
hi:W:000395320,Word,अभिघटक
hi:W:000395321,Word,प्लास्टिसीज़र
hi:W:000395322,Word,प्लैस्टिसीज़र
hi:W:000395323,Word,प्लास्टिसीजर
hi:W:000395324,Word,प्लैस्टिसीजर
hi:W:000395330,Word,स्थैतिकी
hi:W:000395331,Word,स्थिति_विज्ञान
hi:W:000395332,Word,स्टैटिक्स
hi:W:000395340,Word,नागयक्षी
hi:W:000395341,Word,नाग-यक्षी
hi:W:000395342,Word,नाग_यक्षी
hi:W:000395343,Word,सर्पयक्षी
hi:W:000395350,Word,भारतीय_प्रौद्योगिकी_संस्थान
hi:W:000395351,Word,भारतीय_प्रौद्योगिक_संस्थान
hi:W:000395352,Word,आईआईटी
hi:W:000395353,Word,आई_आई_टी
hi:W:000395354,Word,इंडियन_इंस्टीट्यूट_ऑफ_टेक्नालॉजी
hi:W:000395355,Word,इंडियन_इंस्टिट्यूट_ऑफ_टेक्नालॉजी
hi:W:000395360,Word,काला_सा
hi:W:000395361,Word,काले_जैसा
hi:W:000395370,Word,कैंसर_विज्ञान
hi:W:000395371,Word,कैन्सर_विज्ञान
hi:W:000395372,Word,अर्बुदविज्ञान
hi:W:000395373,Word,अर्बुदविद्या
hi:W:000395374,Word,अर्बुद_विज्ञान
hi:W:000395375,Word,अर्बुद_विद्या
hi:W:000395380,Word,स्की_लिफ़्ट
hi:W:000395381,Word,स्की_लिफ्ट
hi:W:000395382,Word,स्की_टो
hi:W:000395383,Word,लिफ़्ट
hi:W:000395390,Word,मेट्रिक_टन
hi:W:000395391,Word,मीटरी_टन
hi:W:000395393,Word,मे_ट
hi:W:000395394,Word,एमटी
hi:W:000395400,Word,लालिमा_लिए_हुए_भूरा
hi:W:000395410,Word,लुटा
hi:W:000395411,Word,लूटा_हुआ
hi:W:000395420,Word,जीवाणु_विष
hi:W:000395421,Word,जीवाणु-विष
hi:W:000395422,Word,जीवाणुविष
hi:W:000395430,Word,गिर_वन्यजीव_अभयारण्य
hi:W:000395431,Word,गिर_वन_राष्ट्रीय_उद्यान
hi:W:000395480,Word,शीतलहर
hi:W:000395481,Word,शीत_लहर
hi:W:000395482,Word,शीत-लहर
hi:W:000395483,Word,शीतलहरी
hi:W:000395484,Word,शीत_लहरी
hi:W:000395485,Word,शीत-लहरी
hi:W:000395486,Word,शीत_तरंग
hi:W:000395487,Word,शीत-तरंग
hi:W:000395488,Word,कोल्ड_वेव
hi:W:000395490,Word,सख्त_गरमी
hi:W:000395491,Word,सख़्त_गरमी
hi:W:000395492,Word,सख्त_गर्मी
hi:W:000395493,Word,सख़्त_गर्मी
hi:W:000395494,Word,कड़ी_गरमी
hi:W:000395495,Word,कड़ी_गर्मी
hi:W:000395496,Word,ताप_की_लहर
hi:W:000395497,Word,तप्त_लहर
hi:W:000395498,Word,तप्त_तरंग
hi:W:000395499,Word,तप्त-लहर
hi:W:0003954910,Word,तप्त-तरंग
hi:W:0003954911,Word,हीट_वेव
hi:W:000395500,Word,उद्धरित
hi:W:000395520,Word,कृमिनाशक
hi:W:000395521,Word,कृमि_नाशक
hi:W:000395530,Word,वातनाशक
hi:W:000395531,Word,वात_नाशक
hi:W:000395540,Word,अतिधोखादायक
hi:W:000395541,Word,अति-धोखा-दायक
hi:W:000395551,Word,अलोहा_राज्य
hi:W:000395560,Word,उत्तरी_आयरलैंड
hi:W:000395561,Word,उत्तरी_आयरलैण्ड
hi:W:000395570,Word,परीकथा
hi:W:000395571,Word,परी_कथा
hi:W:000395590,Word,बीजक
hi:W:000395600,Word,पुनर्विकास
hi:W:000395601,Word,पुनःविकास
hi:W:000395620,Word,उच्च_मध्यम_वर्ग
hi:W:000395621,Word,उच्च_मध्य_वर्ग
hi:W:000395622,Word,अपर_मिडल_क्लास
hi:W:000395623,Word,अपर_मिडिल_क्लास
hi:W:000395630,Word,निम्न_मध्यम_वर्ग
hi:W:000395631,Word,निम्न_मध्य_वर्ग
hi:W:000395632,Word,लोअर_मिडल_क्लास
hi:W:000395633,Word,लोअर_मिडिल_क्लास
hi:W:000395650,Word,सजा_मिलना
hi:W:000395651,Word,दंड_मिलना
hi:W:000395652,Word,सजा_पाना
hi:W:000395653,Word,दंड_पाना
hi:W:000395671,Word,पब्लिसिटी
hi:W:000395710,Word,जिप्सी_नृत्य
hi:W:000395720,Word,अंतर्राष्ट्रीय_परमाणु_ऊर्जा_एजेंसी
hi:W:000395721,Word,अन्तर्राष्ट्रीय_परमाणु_ऊर्जा_एजेन्सी
hi:W:000395722,Word,अंतर्राष्ट्रीय_परमाणु_ऊर्जा_अभिकरण
hi:W:000395723,Word,अन्तर्राष्ट्रीय_परमाणु_ऊर्जा_अभिकरण
hi:W:000395724,Word,इंटरनेशनल_एटॉमिक_एनर्जी_एजेंसी
hi:W:000395726,Word,इन्टरनेशनल_एटॉमिक_एनर्जी_एजेन्सी
hi:W:000395727,Word,आईएईए
hi:W:000395740,Word,नेपीडॉ
hi:W:000395741,Word,नेपीडा
hi:W:000395750,Word,वैदिक_धर्म
hi:W:000395751,Word,वैदिकधर्म
hi:W:000395752,Word,वैदिक-धर्म
hi:W:000395753,Word,त्रयीधर्म
hi:W:000395754,Word,त्रयी-धर्म
hi:W:000395755,Word,त्रयी_धर्म
hi:W:000395760,Word,वराहमिहिर
hi:W:000395761,Word,वराह-मिहिर
hi:W:000395762,Word,वराह_मिहिर
hi:W:000395790,Word,कालद्रव्य
hi:W:000395791,Word,काल-द्रव्य_
hi:W:000395792,Word,काल_द्रव्य
hi:W:000395820,Word,उगादि
hi:W:000395821,Word,युगादि
hi:W:000395830,Word,लीवार्ड_द्वीप_समूह
hi:W:000395840,Word,कॉमर्स
hi:W:000395841,Word,कामर्स
hi:W:000395850,Word,उत्तर_और_मध्य_अंडमान_जिला
hi:W:000395851,Word,उत्तर_और_मध्य_अण्डमान_जिला
hi:W:000395852,Word,उत्तर_और_मध्य_अंडमान_ज़िला
hi:W:000395853,Word,उत्तर_और_मध्य_अण्डमान_ज़िला
hi:W:000395854,Word,उत्तर_और_मध्य_अंडमान
hi:W:000395855,Word,उत्तर_और_मध्य_अण्डमान
hi:W:000395874,Word,अंतिमकाल
hi:W:000395875,Word,आख़िरी_समय
hi:W:000395876,Word,आखिरी_समय
hi:W:000395877,Word,आख़िरी_वक़्त
hi:W:000395878,Word,आखिरी_वक्त
hi:W:000395879,Word,अंत_समय
hi:W:0003958710,Word,अन्त_समय
hi:W:000395880,Word,शब्द_भेद
hi:W:000395881,Word,शब्द-भेद
hi:W:000395882,Word,शब्दभेद
hi:W:000395900,Word,जलसंधारण
hi:W:000395901,Word,जल-संधारण
hi:W:000395902,Word,जलसन्धारण
hi:W:000395903,Word,जल-सन्धारण
hi:W:000395910,Word,जलसम्पत्ति
hi:W:000395911,Word,जल-सम्पत्ति
hi:W:000395912,Word,जलसंपत्ति
hi:W:000395913,Word,जल-संपत्ति
hi:W:000395920,Word,व्यक्त_शब्द
hi:W:000395930,Word,अव्यक्त_शब्द
hi:W:000395940,Word,वर्णात्मक
hi:W:000395950,Word,नाते
hi:W:000395960,Word,यात्रा-भत्ता
hi:W:000395961,Word,प्रवास-भत्ता
hi:W:000395962,Word,टी_ए
hi:W:000395970,Word,अवकाश_यात्रा_सुविधा
hi:W:000395971,Word,एल_टी_सी
hi:W:000395972,Word,एलटीसी
hi:W:000395980,Word,प्रेतपर्वत
hi:W:000395981,Word,प्रेत_पर्वत
hi:W:000395982,Word,प्रेत-पर्वत
hi:W:000395983,Word,प्रेतशिला
hi:W:000395984,Word,प्रेत_शिला
hi:W:000395985,Word,प्रेत-शिला
hi:W:000395990,Word,जोधपुर_जिला
hi:W:000395991,Word,जोधपुर_ज़िला
hi:W:000396000,Word,सपना_देखना
hi:W:000396080,Word,जर्दी
hi:W:000396081,Word,जरदी
hi:W:000396082,Word,ज़र्दी
hi:W:000396083,Word,ज़रदी
hi:W:000396084,Word,पीतक
hi:W:000396090,Word,गाँव-गाँव
hi:W:000396091,Word,गाँव_गाँव
hi:W:000396092,Word,गांव-गांव
hi:W:000396093,Word,गांव_गांव
hi:W:000396114,Word,अंधकार_युग
hi:W:000396115,Word,डार्क_एजेस
hi:W:000396120,Word,इरकल
hi:W:000396130,Word,आरामदायक_बस
hi:W:000396131,Word,आरामदेह_बस
hi:W:000396132,Word,आरामदेय_बस
hi:W:000396133,Word,आराम_बस
hi:W:000396134,Word,लक्जरी_बस
hi:W:000396135,Word,लक्शरी_बस
hi:W:000396140,Word,प्रश्नोपप्रश्न
hi:W:000396141,Word,प्रश्न-उपप्रश्न
hi:W:000396150,Word,सेवा-काल
hi:W:000396151,Word,सेवाकाल
hi:W:000396152,Word,सेवा_काल
hi:W:000396160,Word,चारा_गोदाम
hi:W:000396161,Word,चारा_डिपो
hi:W:000396170,Word,अतिसंवेदनशील
hi:W:000396180,Word,अतिप्रदुषित
hi:W:000396190,Word,गतवैभव
hi:W:000396191,Word,गतधन
hi:W:000396192,Word,गतलक्ष्मी
hi:W:000396212,Word,पाँवदान
hi:W:000396214,Word,पैरपोंछ
hi:W:000396217,Word,डोरमैट
hi:W:000396218,Word,डोर्मैट
hi:W:000396232,Word,इकट्ठे
hi:W:000396250,Word,भले_ही
hi:W:000396270,Word,फ्लोरेंस
hi:W:000396271,Word,फ्लोरेन्स
hi:W:000396272,Word,फ़्लोरेंस
hi:W:000396273,Word,फ़्लोरेन्स
hi:W:000396274,Word,फ्लॉरंस
hi:W:000396275,Word,फ्लॉरन्स
hi:W:000396276,Word,फीरंज़ी
hi:W:000396277,Word,फीरन्ज़ी
hi:W:000396280,Word,पीसा
hi:W:000396320,Word,अग्नित्रय
hi:W:000396321,Word,अग्नित्रेता
hi:W:000396330,Word,अध्यात्म_रामायण
hi:W:000396331,Word,अध्यात्मरामायण
hi:W:000396332,Word,अध्यात्म-रामायण
hi:W:000396350,Word,रामचरित्र
hi:W:000396351,Word,राम_चरित्र
hi:W:000396352,Word,रामचरित
hi:W:000396364,Word,अनंततीर्थकृत
hi:W:000396365,Word,अनंत-तीर्थकृत
hi:W:000396366,Word,अनन्ततीर्थकृत
hi:W:000396367,Word,अनन्त-तीर्थकृत
hi:W:000396370,Word,आनंद_रामायण
hi:W:000396371,Word,आनन्द_रामायण
hi:W:000396380,Word,अद्भुत_रामायण
hi:W:000396390,Word,माइक्रोनेशिया
hi:W:000396391,Word,फेडरेटेड_स्टेट_ऑफ_माइक्रोनेशिया
hi:W:000396392,Word,माइक्रोनेसिया
hi:W:000396393,Word,फेडरेटेड_स्टेट_ऑफ_माइक्रोनेसिया
hi:W:000396394,Word,माइक्रोनेशिया_के_संघीकृत_राज्य
hi:W:000396395,Word,माइक्रोनेसिया_के_संघीकृत_राज्य
hi:W:000396396,Word,माइक्रोनीज़ा
hi:W:000396400,Word,बांडुंग
hi:W:000396420,Word,बांदीपुर
hi:W:000396430,Word,बांदीपुरा_जिला
hi:W:000396431,Word,बांदीपुरा_ज़िला
hi:W:000396432,Word,बांदीपुरा
hi:W:000396440,Word,बोडो
hi:W:000396441,Word,बोड़ो
hi:W:000396442,Word,बड़ो
hi:W:000396443,Word,बोडो_जनजाति
hi:W:000396444,Word,बोड़ो_जनजाति
hi:W:000396445,Word,बड़ो_जनजाति
hi:W:000396453,Word,बोडो_भाषा
hi:W:000396454,Word,बोड़ो_भाषा
hi:W:000396455,Word,बड़ो_भाषा
hi:W:000396461,Word,पॉलीटेकनिकल
hi:W:000396462,Word,बहुशिल्प
hi:W:000396463,Word,बहुशिल्पीय
hi:W:000396470,Word,अगिया_कोइलिया
hi:W:000396500,Word,बेताल_पचीसी
hi:W:000396502,Word,बैताल_पचीसी
hi:W:000396520,Word,सुक्त
hi:W:000396540,Word,बेसबूत
hi:W:000396541,Word,प्रमाणरहित
hi:W:000396550,Word,पिचपिचाना
hi:W:000396560,Word,दक्षिण_कोशल
hi:W:000396561,Word,दक्षिण-कोशल
hi:W:000396570,Word,प्लेटो
hi:W:000396580,Word,उत्तर_कोशल
hi:W:000396581,Word,उत्तर-कोशल
hi:W:000396590,Word,ऋद्ध-सिद्धि
hi:W:000396640,Word,खलीलाबाद
hi:W:000396641,Word,ख़लीलाबाद
hi:W:000396650,Word,एलटीटीई
hi:W:000396651,Word,लिबरेशन_टाइगर्स_ऑफ़_तमिल_ईलम
hi:W:000396652,Word,लिबरेशन_टाइगर्स_आफ_तमिल_ईलम
hi:W:000396670,Word,वचसा
hi:W:000396680,Word,कर्मणा
hi:W:000396731,Word,फारम
hi:W:000396740,Word,गोमती_जिला
hi:W:000396741,Word,गोमती_ज़िला
hi:W:000396750,Word,उनाकोटी_जिला
hi:W:000396751,Word,उनाकोटी_ज़िला
hi:W:000396752,Word,उनाकोटी
hi:W:000396760,Word,बिलोनिया
hi:W:000396761,Word,बिलोनिया_शहर
hi:W:000396770,Word,सेपाहीजाला_जिला
hi:W:000396771,Word,सेपाहीजाला_ज़िला
hi:W:000396772,Word,सेपाहीजाला
hi:W:000396780,Word,बिस्रमगंज
hi:W:000396781,Word,बिसरमगंज
hi:W:000396790,Word,खोवाई_जिला
hi:W:000396791,Word,खोवाई_ज़िला
hi:W:000396792,Word,खोवाई
hi:W:000396801,Word,खोवाई_शहर
hi:W:000396810,Word,धर्मप्रदेश
hi:W:000396811,Word,धर्म_प्रदेश
hi:W:000396812,Word,धर्म-प्रदेश
hi:W:000396821,Word,सुल्तानाबाद
hi:W:000396830,Word,थानेश्वर_मंदिर
hi:W:000396840,Word,कैल्विनवादी
hi:W:000396841,Word,जनीवन
hi:W:000396860,Word,कैल्विनवाद
hi:W:000396870,Word,भावहीनता
hi:W:000396881,Word,भातृसंघ
hi:W:000396920,Word,उदलगुड़ी_जिला
hi:W:000396921,Word,उदलगुड़ी_ज़िला
hi:W:000396922,Word,उदलगुड़ी
hi:W:000396931,Word,उदलगुड़ी_शहर
hi:W:000396950,Word,टस्कनी
hi:W:000396960,Word,ब्याज_माफी
hi:W:000396961,Word,ब्याज_माफ़ी
hi:W:000396962,Word,व्याज_माफी
hi:W:000396963,Word,व्याज_माफ़ी
hi:W:000396970,Word,ऋण_मुक्ति
hi:W:000396971,Word,कर्ज_मुक्ति
hi:W:000396972,Word,ऋण-मुक्ति
hi:W:000396973,Word,कर्ज-मुक्ति
hi:W:000396974,Word,क़र्ज़_मुक्ति
hi:W:000396975,Word,क़र्ज़-मुक्ति
hi:W:000396980,Word,छह_सौ
hi:W:000396981,Word,छः_सौ
hi:W:000396982,Word,६००
hi:W:000396983,Word,600
hi:W:000396984,Word,DC
hi:W:000396990,Word,बर्थ
hi:W:000396991,Word,शायिका
hi:W:000397032,Word,फीस_माफी
hi:W:000397033,Word,फीस_माफ़ी
hi:W:000397040,Word,किमखाब
hi:W:000397041,Word,किमख़ाब
hi:W:000397042,Word,किमख्वाब
hi:W:000397043,Word,किमख़्वाब
