identifier,objectType,createdBy,consumerId,audience,copyType,versionKey
numeracy_369,Content,EkStep,62e15662-bb09-439f-86e2-d65bd84f3c23,Learner,Enhance,oM2wLF8Eq3vRnt3qZ0+Y/sWQnH5pz3bHpciFo3EIifZIcP5RW4qHw8sZztCzv87M
numeracy_363,Content,EkStep,62e15662-bb09-439f-86e2-d65bd84f3c23,Learner,Enhance,oM2wLF8Eq3vRnt3qZ0+Y/sWQnH5pz3bHpciFo3EIifZIcP5RW4qHw8sZztCzv87M
org.ekstep.num.scrn.basic,Content,EkStep,62e15662-bb09-439f-86e2-d65bd84f3c23,Learner,Enhance,oM2wLF8Eq3vRnt3qZ0+Y/sWQnH5pz3bHpciFo3EIifZIcP5RW4qHw8sZztCzv87M
org.ekstep.takeoff,Content,EkStep,62e15662-bb09-439f-86e2-d65bd84f3c23,Learner,Enhance,oM2wLF8Eq3vRnt3qZ0+Y/sWQnH5pz3bHpciFo3EIifZIcP5RW4qHw8sZztCzv87M
numeracy_370,Content,EkStep,62e15662-bb09-439f-86e2-d65bd84f3c23,Learner,Enhance,oM2wLF8Eq3vRnt3qZ0+Y/sWQnH5pz3bHpciFo3EIifZIcP5RW4qHw8sZztCzv87M
org.ekstep.treefrogtreasure,Content,129,62e15662-bb09-439f-86e2-d65bd84f3c23,Learner,Enhance,oM2wLF8Eq3vRnt3qZ0+Y/sWQnH5pz3bHpciFo3EIifZIcP5RW4qHw8sZztCzv87M
org.ekstep.aser,Content,EkStep,62e15662-bb09-439f-86e2-d65bd84f3c23,Learner,Enhance,oM2wLF8Eq3vRnt3qZ0+Y/sWQnH5pz3bHpciFo3EIifZIcP5RW4qHw8sZztCzv87M
org.ekstep.teacher.pp,Content,,62e15662-bb09-439f-86e2-d65bd84f3c23,Learner,Enhance,oM2wLF8Eq3vRnt3qZ0+Y/sWQnH5pz3bHpciFo3EIifZIcP5RW4qHw8sZztCzv87M
org.ekstep.gameobservations.pp,Content,,62e15662-bb09-439f-86e2-d65bd84f3c23,Learner,Enhance,oM2wLF8Eq3vRnt3qZ0+Y/sWQnH5pz3bHpciFo3EIifZIcP5RW4qHw8sZztCzv87M
org.ekstep.lit.scrnr.kan.basic,Content,EkStep,62e15662-bb09-439f-86e2-d65bd84f3c23,Learner,Enhance,oM2wLF8Eq3vRnt3qZ0+Y/sWQnH5pz3bHpciFo3EIifZIcP5RW4qHw8sZztCzv87M
do_30017189,Content,200,62e15662-bb09-439f-86e2-d65bd84f3c23,Learner,Enhance,oM2wLF8Eq3vRnt3qZ0+Y/sWQnH5pz3bHpciFo3EIifZIcP5RW4qHw8sZztCzv87M
do_30020228,Content,384,62e15662-bb09-439f-86e2-d65bd84f3c23,Learner,Enhance,oM2wLF8Eq3vRnt3qZ0+Y/sWQnH5pz3bHpciFo3EIifZIcP5RW4qHw8sZztCzv87M
org.ekstep.pratham,Content,EkStep,62e15662-bb09-439f-86e2-d65bd84f3c23,Learner,Enhance,oM2wLF8Eq3vRnt3qZ0+Y/sWQnH5pz3bHpciFo3EIifZIcP5RW4qHw8sZztCzv87M
do_30070784,Content,329,62e15662-bb09-439f-86e2-d65bd84f3c23,Learner,Enhance,oM2wLF8Eq3vRnt3qZ0+Y/sWQnH5pz3bHpciFo3EIifZIcP5RW4qHw8sZztCzv87M
do_30078157,Content,435,62e15662-bb09-439f-86e2-d65bd84f3c23,Learner,Enhance,oM2wLF8Eq3vRnt3qZ0+Y/sWQnH5pz3bHpciFo3EIifZIcP5RW4qHw8sZztCzv87M
org.ekstep.delta,Content,EkStep,62e15662-bb09-439f-86e2-d65bd84f3c23,Learner,Enhance,oM2wLF8Eq3vRnt3qZ0+Y/sWQnH5pz3bHpciFo3EIifZIcP5RW4qHw8sZztCzv87M
do_30078663,Content,455,62e15662-bb09-439f-86e2-d65bd84f3c23,Learner,Enhance,oM2wLF8Eq3vRnt3qZ0+Y/sWQnH5pz3bHpciFo3EIifZIcP5RW4qHw8sZztCzv87M
do_30082585,Content,435,62e15662-bb09-439f-86e2-d65bd84f3c23,Learner,Enhance,oM2wLF8Eq3vRnt3qZ0+Y/sWQnH5pz3bHpciFo3EIifZIcP5RW4qHw8sZztCzv87M
do_30083930,Content,215,62e15662-bb09-439f-86e2-d65bd84f3c23,Learner,Enhance,oM2wLF8Eq3vRnt3qZ0+Y/sWQnH5pz3bHpciFo3EIifZIcP5RW4qHw8sZztCzv87M
do_30083985,Content,215,62e15662-bb09-439f-86e2-d65bd84f3c23,Learner,Enhance,oM2wLF8Eq3vRnt3qZ0+Y/sWQnH5pz3bHpciFo3EIifZIcP5RW4qHw8sZztCzv87M
do_30083987,Content,215,62e15662-bb09-439f-86e2-d65bd84f3c23,Learner,Enhance,oM2wLF8Eq3vRnt3qZ0+Y/sWQnH5pz3bHpciFo3EIifZIcP5RW4qHw8sZztCzv87M
do_30084332,Content,177,62e15662-bb09-439f-86e2-d65bd84f3c23,Learner,Enhance,oM2wLF8Eq3vRnt3qZ0+Y/sWQnH5pz3bHpciFo3EIifZIcP5RW4qHw8sZztCzv87M
do_30085192,Content,461,62e15662-bb09-439f-86e2-d65bd84f3c23,Learner,Enhance,oM2wLF8Eq3vRnt3qZ0+Y/sWQnH5pz3bHpciFo3EIifZIcP5RW4qHw8sZztCzv87M
do_30090596,Content,244,62e15662-bb09-439f-86e2-d65bd84f3c23,Learner,Enhance,oM2wLF8Eq3vRnt3qZ0+Y/sWQnH5pz3bHpciFo3EIifZIcP5RW4qHw8sZztCzv87M
do_30091090,Content,425,62e15662-bb09-439f-86e2-d65bd84f3c23,Learner,Enhance,oM2wLF8Eq3vRnt3qZ0+Y/sWQnH5pz3bHpciFo3EIifZIcP5RW4qHw8sZztCzv87M
do_30093721,Content,128,62e15662-bb09-439f-86e2-d65bd84f3c23,Learner,Enhance,oM2wLF8Eq3vRnt3qZ0+Y/sWQnH5pz3bHpciFo3EIifZIcP5RW4qHw8sZztCzv87M
do_30094756,Content,249,62e15662-bb09-439f-86e2-d65bd84f3c23,Learner,Enhance,oM2wLF8Eq3vRnt3qZ0+Y/sWQnH5pz3bHpciFo3EIifZIcP5RW4qHw8sZztCzv87M
do_30095559,Content,323,62e15662-bb09-439f-86e2-d65bd84f3c23,Learner,Enhance,oM2wLF8Eq3vRnt3qZ0+Y/sWQnH5pz3bHpciFo3EIifZIcP5RW4qHw8sZztCzv87M
do_30096086,Content,636,62e15662-bb09-439f-86e2-d65bd84f3c23,Learner,Enhance,oM2wLF8Eq3vRnt3qZ0+Y/sWQnH5pz3bHpciFo3EIifZIcP5RW4qHw8sZztCzv87M
do_30100596,Content,724,62e15662-bb09-439f-86e2-d65bd84f3c23,Learner,Enhance,oM2wLF8Eq3vRnt3qZ0+Y/sWQnH5pz3bHpciFo3EIifZIcP5RW4qHw8sZztCzv87M
do_30100634,Content,731,62e15662-bb09-439f-86e2-d65bd84f3c23,Learner,Enhance,oM2wLF8Eq3vRnt3qZ0+Y/sWQnH5pz3bHpciFo3EIifZIcP5RW4qHw8sZztCzv87M
do_30101037,Content,491,62e15662-bb09-439f-86e2-d65bd84f3c23,Learner,Enhance,oM2wLF8Eq3vRnt3qZ0+Y/sWQnH5pz3bHpciFo3EIifZIcP5RW4qHw8sZztCzv87M
do_30101074,Content,491,62e15662-bb09-439f-86e2-d65bd84f3c23,Learner,Enhance,oM2wLF8Eq3vRnt3qZ0+Y/sWQnH5pz3bHpciFo3EIifZIcP5RW4qHw8sZztCzv87M
do_30101069,Content,491,62e15662-bb09-439f-86e2-d65bd84f3c23,Learner,Enhance,oM2wLF8Eq3vRnt3qZ0+Y/sWQnH5pz3bHpciFo3EIifZIcP5RW4qHw8sZztCzv87M
do_30101158,Content,743,62e15662-bb09-439f-86e2-d65bd84f3c23,Learner,Enhance,oM2wLF8Eq3vRnt3qZ0+Y/sWQnH5pz3bHpciFo3EIifZIcP5RW4qHw8sZztCzv87M
do_30101197,Content,748,62e15662-bb09-439f-86e2-d65bd84f3c23,Learner,Enhance,oM2wLF8Eq3vRnt3qZ0+Y/sWQnH5pz3bHpciFo3EIifZIcP5RW4qHw8sZztCzv87M
do_30101209,Content,748,62e15662-bb09-439f-86e2-d65bd84f3c23,Learner,Enhance,oM2wLF8Eq3vRnt3qZ0+Y/sWQnH5pz3bHpciFo3EIifZIcP5RW4qHw8sZztCzv87M
do_30101448,Content,736,62e15662-bb09-439f-86e2-d65bd84f3c23,Learner,Enhance,oM2wLF8Eq3vRnt3qZ0+Y/sWQnH5pz3bHpciFo3EIifZIcP5RW4qHw8sZztCzv87M
do_30101718,Content,567,62e15662-bb09-439f-86e2-d65bd84f3c23,Learner,Enhance,oM2wLF8Eq3vRnt3qZ0+Y/sWQnH5pz3bHpciFo3EIifZIcP5RW4qHw8sZztCzv87M
do_30101835,Content,728,62e15662-bb09-439f-86e2-d65bd84f3c23,Learner,Enhance,oM2wLF8Eq3vRnt3qZ0+Y/sWQnH5pz3bHpciFo3EIifZIcP5RW4qHw8sZztCzv87M
do_30102043,Content,128,62e15662-bb09-439f-86e2-d65bd84f3c23,Learner,Enhance,oM2wLF8Eq3vRnt3qZ0+Y/sWQnH5pz3bHpciFo3EIifZIcP5RW4qHw8sZztCzv87M
do_30102167,Content,786,62e15662-bb09-439f-86e2-d65bd84f3c23,Learner,Enhance,oM2wLF8Eq3vRnt3qZ0+Y/sWQnH5pz3bHpciFo3EIifZIcP5RW4qHw8sZztCzv87M
do_30102682,Content,129,62e15662-bb09-439f-86e2-d65bd84f3c23,Learner,Enhance,oM2wLF8Eq3vRnt3qZ0+Y/sWQnH5pz3bHpciFo3EIifZIcP5RW4qHw8sZztCzv87M
do_30102691,Content,132,62e15662-bb09-439f-86e2-d65bd84f3c23,Learner,Enhance,oM2wLF8Eq3vRnt3qZ0+Y/sWQnH5pz3bHpciFo3EIifZIcP5RW4qHw8sZztCzv87M
do_30102835,Content,786,62e15662-bb09-439f-86e2-d65bd84f3c23,Learner,Enhance,oM2wLF8Eq3vRnt3qZ0+Y/sWQnH5pz3bHpciFo3EIifZIcP5RW4qHw8sZztCzv87M
do_30102874,Content,786,62e15662-bb09-439f-86e2-d65bd84f3c23,Learner,Enhance,oM2wLF8Eq3vRnt3qZ0+Y/sWQnH5pz3bHpciFo3EIifZIcP5RW4qHw8sZztCzv87M
do_30102873,Content,786,62e15662-bb09-439f-86e2-d65bd84f3c23,Learner,Enhance,oM2wLF8Eq3vRnt3qZ0+Y/sWQnH5pz3bHpciFo3EIifZIcP5RW4qHw8sZztCzv87M
do_30102870,Content,786,62e15662-bb09-439f-86e2-d65bd84f3c23,Learner,Enhance,oM2wLF8Eq3vRnt3qZ0+Y/sWQnH5pz3bHpciFo3EIifZIcP5RW4qHw8sZztCzv87M
do_30104217,Content,767,62e15662-bb09-439f-86e2-d65bd84f3c23,Learner,Enhance,oM2wLF8Eq3vRnt3qZ0+Y/sWQnH5pz3bHpciFo3EIifZIcP5RW4qHw8sZztCzv87M
do_30105318,Content,781,62e15662-bb09-439f-86e2-d65bd84f3c23,Learner,Enhance,oM2wLF8Eq3vRnt3qZ0+Y/sWQnH5pz3bHpciFo3EIifZIcP5RW4qHw8sZztCzv87M
do_30105535,Content,788,62e15662-bb09-439f-86e2-d65bd84f3c23,Learner,Enhance,oM2wLF8Eq3vRnt3qZ0+Y/sWQnH5pz3bHpciFo3EIifZIcP5RW4qHw8sZztCzv87M
do_30105536,Content,788,62e15662-bb09-439f-86e2-d65bd84f3c23,Learner,Enhance,oM2wLF8Eq3vRnt3qZ0+Y/sWQnH5pz3bHpciFo3EIifZIcP5RW4qHw8sZztCzv87M
do_30105819,Content,752,62e15662-bb09-439f-86e2-d65bd84f3c23,Learner,Enhance,oM2wLF8Eq3vRnt3qZ0+Y/sWQnH5pz3bHpciFo3EIifZIcP5RW4qHw8sZztCzv87M
do_30106172,Content,959,62e15662-bb09-439f-86e2-d65bd84f3c23,Learner,Enhance,oM2wLF8Eq3vRnt3qZ0+Y/sWQnH5pz3bHpciFo3EIifZIcP5RW4qHw8sZztCzv87M
do_30107114,Content,386,62e15662-bb09-439f-86e2-d65bd84f3c23,Learner,Enhance,oM2wLF8Eq3vRnt3qZ0+Y/sWQnH5pz3bHpciFo3EIifZIcP5RW4qHw8sZztCzv87M
do_30107591,Content,658,62e15662-bb09-439f-86e2-d65bd84f3c23,Learner,Enhance,oM2wLF8Eq3vRnt3qZ0+Y/sWQnH5pz3bHpciFo3EIifZIcP5RW4qHw8sZztCzv87M
do_30107695,Content,658,62e15662-bb09-439f-86e2-d65bd84f3c23,Learner,Enhance,oM2wLF8Eq3vRnt3qZ0+Y/sWQnH5pz3bHpciFo3EIifZIcP5RW4qHw8sZztCzv87M
do_30107700,Content,659,62e15662-bb09-439f-86e2-d65bd84f3c23,Learner,Enhance,oM2wLF8Eq3vRnt3qZ0+Y/sWQnH5pz3bHpciFo3EIifZIcP5RW4qHw8sZztCzv87M
do_30107802,Content,813,62e15662-bb09-439f-86e2-d65bd84f3c23,Learner,Enhance,oM2wLF8Eq3vRnt3qZ0+Y/sWQnH5pz3bHpciFo3EIifZIcP5RW4qHw8sZztCzv87M
do_30108628,Content,248,62e15662-bb09-439f-86e2-d65bd84f3c23,Learner,Enhance,oM2wLF8Eq3vRnt3qZ0+Y/sWQnH5pz3bHpciFo3EIifZIcP5RW4qHw8sZztCzv87M
do_30108659,Content,658,62e15662-bb09-439f-86e2-d65bd84f3c23,Learner,Enhance,oM2wLF8Eq3vRnt3qZ0+Y/sWQnH5pz3bHpciFo3EIifZIcP5RW4qHw8sZztCzv87M
do_30108759,Content,959,62e15662-bb09-439f-86e2-d65bd84f3c23,Learner,Enhance,oM2wLF8Eq3vRnt3qZ0+Y/sWQnH5pz3bHpciFo3EIifZIcP5RW4qHw8sZztCzv87M
do_30108696,Content,567,62e15662-bb09-439f-86e2-d65bd84f3c23,Learner,Enhance,oM2wLF8Eq3vRnt3qZ0+Y/sWQnH5pz3bHpciFo3EIifZIcP5RW4qHw8sZztCzv87M
do_30109120,Content,215,62e15662-bb09-439f-86e2-d65bd84f3c23,Learner,Enhance,oM2wLF8Eq3vRnt3qZ0+Y/sWQnH5pz3bHpciFo3EIifZIcP5RW4qHw8sZztCzv87M
do_30109335,Content,215,62e15662-bb09-439f-86e2-d65bd84f3c23,Learner,Enhance,oM2wLF8Eq3vRnt3qZ0+Y/sWQnH5pz3bHpciFo3EIifZIcP5RW4qHw8sZztCzv87M
do_30109736,Content,728,62e15662-bb09-439f-86e2-d65bd84f3c23,Learner,Enhance,oM2wLF8Eq3vRnt3qZ0+Y/sWQnH5pz3bHpciFo3EIifZIcP5RW4qHw8sZztCzv87M
do_30109734,Content,728,62e15662-bb09-439f-86e2-d65bd84f3c23,Learner,Enhance,oM2wLF8Eq3vRnt3qZ0+Y/sWQnH5pz3bHpciFo3EIifZIcP5RW4qHw8sZztCzv87M
do_30110242,Content,1115,62e15662-bb09-439f-86e2-d65bd84f3c23,Learner,Enhance,oM2wLF8Eq3vRnt3qZ0+Y/sWQnH5pz3bHpciFo3EIifZIcP5RW4qHw8sZztCzv87M
do_30110521,Content,1125,62e15662-bb09-439f-86e2-d65bd84f3c23,Learner,Enhance,oM2wLF8Eq3vRnt3qZ0+Y/sWQnH5pz3bHpciFo3EIifZIcP5RW4qHw8sZztCzv87M
do_30110704,Content,1125,62e15662-bb09-439f-86e2-d65bd84f3c23,Learner,Enhance,oM2wLF8Eq3vRnt3qZ0+Y/sWQnH5pz3bHpciFo3EIifZIcP5RW4qHw8sZztCzv87M
do_30110706,Content,1125,62e15662-bb09-439f-86e2-d65bd84f3c23,Learner,Enhance,oM2wLF8Eq3vRnt3qZ0+Y/sWQnH5pz3bHpciFo3EIifZIcP5RW4qHw8sZztCzv87M
do_30110905,Content,1125,62e15662-bb09-439f-86e2-d65bd84f3c23,Learner,Enhance,oM2wLF8Eq3vRnt3qZ0+Y/sWQnH5pz3bHpciFo3EIifZIcP5RW4qHw8sZztCzv87M
do_30111005,Content,1125,62e15662-bb09-439f-86e2-d65bd84f3c23,Learner,Enhance,oM2wLF8Eq3vRnt3qZ0+Y/sWQnH5pz3bHpciFo3EIifZIcP5RW4qHw8sZztCzv87M
do_30111006,Content,1125,62e15662-bb09-439f-86e2-d65bd84f3c23,Learner,Enhance,oM2wLF8Eq3vRnt3qZ0+Y/sWQnH5pz3bHpciFo3EIifZIcP5RW4qHw8sZztCzv87M
do_3121572613532631041122,Content,1125,62e15662-bb09-439f-86e2-d65bd84f3c23,Learner,Enhance,oM2wLF8Eq3vRnt3qZ0+Y/sWQnH5pz3bHpciFo3EIifZIcP5RW4qHw8sZztCzv87M
do_3121578172405923842251,Content,1110,62e15662-bb09-439f-86e2-d65bd84f3c23,Learner,Enhance,oM2wLF8Eq3vRnt3qZ0+Y/sWQnH5pz3bHpciFo3EIifZIcP5RW4qHw8sZztCzv87M
do_3121578351836938241261,Content,334,62e15662-bb09-439f-86e2-d65bd84f3c23,Learner,Enhance,oM2wLF8Eq3vRnt3qZ0+Y/sWQnH5pz3bHpciFo3EIifZIcP5RW4qHw8sZztCzv87M
do_3121629331841105922136,Content,788,62e15662-bb09-439f-86e2-d65bd84f3c23,Learner,Enhance,oM2wLF8Eq3vRnt3qZ0+Y/sWQnH5pz3bHpciFo3EIifZIcP5RW4qHw8sZztCzv87M
do_3121648906126376962440,Content,1110,62e15662-bb09-439f-86e2-d65bd84f3c23,Learner,Enhance,oM2wLF8Eq3vRnt3qZ0+Y/sWQnH5pz3bHpciFo3EIifZIcP5RW4qHw8sZztCzv87M
do_3121670602438737922603,Content,323,62e15662-bb09-439f-86e2-d65bd84f3c23,Learner,Enhance,oM2wLF8Eq3vRnt3qZ0+Y/sWQnH5pz3bHpciFo3EIifZIcP5RW4qHw8sZztCzv87M
do_3121670863953674241240,Content,323,62e15662-bb09-439f-86e2-d65bd84f3c23,Learner,Enhance,oM2wLF8Eq3vRnt3qZ0+Y/sWQnH5pz3bHpciFo3EIifZIcP5RW4qHw8sZztCzv87M
do_31217211927229235221147,Content,286,62e15662-bb09-439f-86e2-d65bd84f3c23,Learner,Enhance,oM2wLF8Eq3vRnt3qZ0+Y/sWQnH5pz3bHpciFo3EIifZIcP5RW4qHw8sZztCzv87M
do_31217278445779353621310,Content,452,62e15662-bb09-439f-86e2-d65bd84f3c23,Learner,Enhance,oM2wLF8Eq3vRnt3qZ0+Y/sWQnH5pz3bHpciFo3EIifZIcP5RW4qHw8sZztCzv87M
do_31218124373989785621289,Content,386,62e15662-bb09-439f-86e2-d65bd84f3c23,Learner,Enhance,oM2wLF8Eq3vRnt3qZ0+Y/sWQnH5pz3bHpciFo3EIifZIcP5RW4qHw8sZztCzv87M
do_31218125562820198411423,Content,543,62e15662-bb09-439f-86e2-d65bd84f3c23,Learner,Enhance,oM2wLF8Eq3vRnt3qZ0+Y/sWQnH5pz3bHpciFo3EIifZIcP5RW4qHw8sZztCzv87M
do_31218131070093721611442,Content,EkStep,62e15662-bb09-439f-86e2-d65bd84f3c23,Learner,Enhance,oM2wLF8Eq3vRnt3qZ0+Y/sWQnH5pz3bHpciFo3EIifZIcP5RW4qHw8sZztCzv87M
do_31218139184676864011463,Content,323,62e15662-bb09-439f-86e2-d65bd84f3c23,Learner,Enhance,oM2wLF8Eq3vRnt3qZ0+Y/sWQnH5pz3bHpciFo3EIifZIcP5RW4qHw8sZztCzv87M
do_31218195399182745611483,Content,386,62e15662-bb09-439f-86e2-d65bd84f3c23,Learner,Enhance,oM2wLF8Eq3vRnt3qZ0+Y/sWQnH5pz3bHpciFo3EIifZIcP5RW4qHw8sZztCzv87M
do_31218195422487347221352,Content,386,62e15662-bb09-439f-86e2-d65bd84f3c23,Learner,Enhance,oM2wLF8Eq3vRnt3qZ0+Y/sWQnH5pz3bHpciFo3EIifZIcP5RW4qHw8sZztCzv87M
do_31218278203122483211629,Content,386,62e15662-bb09-439f-86e2-d65bd84f3c23,Learner,Enhance,oM2wLF8Eq3vRnt3qZ0+Y/sWQnH5pz3bHpciFo3EIifZIcP5RW4qHw8sZztCzv87M
do_312189605247295488114,Content,386,62e15662-bb09-439f-86e2-d65bd84f3c23,Learner,Enhance,oM2wLF8Eq3vRnt3qZ0+Y/sWQnH5pz3bHpciFo3EIifZIcP5RW4qHw8sZztCzv87M
do_3121925782611312641100,Content,248,62e15662-bb09-439f-86e2-d65bd84f3c23,Learner,Enhance,oM2wLF8Eq3vRnt3qZ0+Y/sWQnH5pz3bHpciFo3EIifZIcP5RW4qHw8sZztCzv87M
do_3121933735213465601225,Content,241,62e15662-bb09-439f-86e2-d65bd84f3c23,Learner,Enhance,oM2wLF8Eq3vRnt3qZ0+Y/sWQnH5pz3bHpciFo3EIifZIcP5RW4qHw8sZztCzv87M
do_3121961865874391042231,Content,1403,62e15662-bb09-439f-86e2-d65bd84f3c23,Learner,Enhance,oM2wLF8Eq3vRnt3qZ0+Y/sWQnH5pz3bHpciFo3EIifZIcP5RW4qHw8sZztCzv87M
do_312196836431659008156,Content,1380,62e15662-bb09-439f-86e2-d65bd84f3c23,Learner,Enhance,oM2wLF8Eq3vRnt3qZ0+Y/sWQnH5pz3bHpciFo3EIifZIcP5RW4qHw8sZztCzv87M
do_3121982943345704961114,Content,1355,62e15662-bb09-439f-86e2-d65bd84f3c23,Learner,Enhance,oM2wLF8Eq3vRnt3qZ0+Y/sWQnH5pz3bHpciFo3EIifZIcP5RW4qHw8sZztCzv87M
do_3122081097301606402928,Content,1533,62e15662-bb09-439f-86e2-d65bd84f3c23,Learner,Enhance,oM2wLF8Eq3vRnt3qZ0+Y/sWQnH5pz3bHpciFo3EIifZIcP5RW4qHw8sZztCzv87M
do_31221125507910860811240,Content,1533,62e15662-bb09-439f-86e2-d65bd84f3c23,Learner,Enhance,oM2wLF8Eq3vRnt3qZ0+Y/sWQnH5pz3bHpciFo3EIifZIcP5RW4qHw8sZztCzv87M
do_31221179380217446421340,Content,1722,62e15662-bb09-439f-86e2-d65bd84f3c23,Learner,Enhance,oM2wLF8Eq3vRnt3qZ0+Y/sWQnH5pz3bHpciFo3EIifZIcP5RW4qHw8sZztCzv87M
do_31221222059757568011396,Content,1687,62e15662-bb09-439f-86e2-d65bd84f3c23,Learner,Enhance,oM2wLF8Eq3vRnt3qZ0+Y/sWQnH5pz3bHpciFo3EIifZIcP5RW4qHw8sZztCzv87M
do_31221312649931980821539,Content,1824,62e15662-bb09-439f-86e2-d65bd84f3c23,Learner,Enhance,oM2wLF8Eq3vRnt3qZ0+Y/sWQnH5pz3bHpciFo3EIifZIcP5RW4qHw8sZztCzv87M
do_31221318136920473621636,Content,1824,62e15662-bb09-439f-86e2-d65bd84f3c23,Learner,Enhance,oM2wLF8Eq3vRnt3qZ0+Y/sWQnH5pz3bHpciFo3EIifZIcP5RW4qHw8sZztCzv87M
do_31221319308981862411683,Content,1731,62e15662-bb09-439f-86e2-d65bd84f3c23,Learner,Enhance,oM2wLF8Eq3vRnt3qZ0+Y/sWQnH5pz3bHpciFo3EIifZIcP5RW4qHw8sZztCzv87M
do_31221322324587315221785,Content,1697,62e15662-bb09-439f-86e2-d65bd84f3c23,Learner,Enhance,oM2wLF8Eq3vRnt3qZ0+Y/sWQnH5pz3bHpciFo3EIifZIcP5RW4qHw8sZztCzv87M
do_31221379366472089622717,Content,1064,62e15662-bb09-439f-86e2-d65bd84f3c23,Learner,Enhance,oM2wLF8Eq3vRnt3qZ0+Y/sWQnH5pz3bHpciFo3EIifZIcP5RW4qHw8sZztCzv87M
do_31221589925645516813843,Content,1064,62e15662-bb09-439f-86e2-d65bd84f3c23,Learner,Enhance,oM2wLF8Eq3vRnt3qZ0+Y/sWQnH5pz3bHpciFo3EIifZIcP5RW4qHw8sZztCzv87M
do_3122195230205624322252,Content,1164,62e15662-bb09-439f-86e2-d65bd84f3c23,Learner,Enhance,oM2wLF8Eq3vRnt3qZ0+Y/sWQnH5pz3bHpciFo3EIifZIcP5RW4qHw8sZztCzv87M
do_31222386463377817622568,Content,1197,62e15662-bb09-439f-86e2-d65bd84f3c23,Learner,Enhance,oM2wLF8Eq3vRnt3qZ0+Y/sWQnH5pz3bHpciFo3EIifZIcP5RW4qHw8sZztCzv87M
do_31223305980596224021135,Content,742,62e15662-bb09-439f-86e2-d65bd84f3c23,Learner,Enhance,oM2wLF8Eq3vRnt3qZ0+Y/sWQnH5pz3bHpciFo3EIifZIcP5RW4qHw8sZztCzv87M
do_31224016387199795221926,Content,1224,62e15662-bb09-439f-86e2-d65bd84f3c23,Learner,Enhance,oM2wLF8Eq3vRnt3qZ0+Y/sWQnH5pz3bHpciFo3EIifZIcP5RW4qHw8sZztCzv87M
do_31224101792507494424,Content,177,62e15662-bb09-439f-86e2-d65bd84f3c23,Learner,Enhance,oM2wLF8Eq3vRnt3qZ0+Y/sWQnH5pz3bHpciFo3EIifZIcP5RW4qHw8sZztCzv87M
org.ekstep.math,Content,,62e15662-bb09-439f-86e2-d65bd84f3c23,Learner,Enhance,oM2wLF8Eq3vRnt3qZ0+Y/sWQnH5pz3bHpciFo3EIifZIcP5RW4qHw8sZztCzv87M
org.ekstep.math.pp,Content,,62e15662-bb09-439f-86e2-d65bd84f3c23,Learner,Enhance,oM2wLF8Eq3vRnt3qZ0+Y/sWQnH5pz3bHpciFo3EIifZIcP5RW4qHw8sZztCzv87M
org.ekstep.childsurvey.pp,Content,,62e15662-bb09-439f-86e2-d65bd84f3c23,Learner,Enhance,oM2wLF8Eq3vRnt3qZ0+Y/sWQnH5pz3bHpciFo3EIifZIcP5RW4qHw8sZztCzv87M
